1644,52.81,18.81,14.06,1.08,5.90,-7.00,-2.19,0.12,-0.19,-21.19,-22.75,-4.06,1.46,-2.99,7.99,2.76,-1.95,9.20
1693,68.94,3.69,7.81,0.24,6.76,-4.34,1.54,-2.38,-11.72,-21.19,-22.69,-4.75,2.13,-4.37,-3.92,0.06,-1.31,9.71
1710,73.62,-2.81,7.75,-0.02,6.36,-3.66,2.39,-4.11,-15.42,-21.19,-22.69,-4.75,1.91,-5.43,-5.72,-0.48,-1.32,9.70
1733,77.56,-8.50,8.06,0.19,5.31,-3.00,2.57,-5.95,-18.70,-21.06,-22.69,-4.56,1.12,-7.31,-9.10,-1.45,-1.36,9.60
1756,80.81,-12.81,7.88,0.97,3.93,-2.39,3.44,-6.83,-18.87,-21.06,-22.69,-4.56,1.27,-8.36,-9.14,-2.45,-1.24,9.41
1784,83.94,-17.06,6.44,1.32,2.26,-1.06,3.04,-6.43,-18.01,-20.88,-22.56,-2.88,0.15,-7.49,-8.70,-3.02,-0.99,9.27
1807,84.88,-18.50,5.88,0.56,0.99,-0.51,1.43,-7.15,-20.02,-20.88,-22.56,-2.88,-1.69,-8.09,-10.77,-3.12,-0.94,9.24
1825,85.25,-18.12,5.56,0.70,-1.55,-0.14,1.68,-7.18,-19.42,-20.75,-22.50,-0.25,-1.22,-8.03,-10.09,-2.91,-0.85,9.32
1848,85.31,-16.00,4.62,0.98,-2.23,0.11,1.60,-8.04,-19.05,-20.75,-22.50,-0.25,-0.85,-8.68,-9.58,-2.46,-0.64,9.47
1865,84.56,-12.69,3.06,1.25,-4.09,1.46,0.73,-8.72,-19.29,-20.69,-22.38,1.75,-1.04,-9.09,-9.66,-1.78,-0.36,9.63
1887,82.75,-7.69,1.12,1.76,-6.13,2.49,1.20,-7.02,-13.70,-20.69,-22.38,1.75,0.45,-7.03,-3.92,-0.74,0.00,9.77
1908,79.75,-0.25,-1.00,1.65,-8.31,3.56,0.73,-3.73,-6.83,-20.69,-22.38,1.75,1.47,-3.41,2.93,0.74,0.32,9.77
1929,75.62,9.50,-2.12,-0.10,-9.94,4.34,-0.72,-2.88,1.79,-20.56,-22.38,3.19,1.82,-2.61,11.25,2.55,0.26,9.46
1951,68.44,26.81,1.56,-1.25,-10.70,4.69,-3.38,-4.47,7.32,-20.56,-22.38,3.19,1.04,-4.72,16.06,4.43,-0.24,8.74
1970,63.06,37.44,6.19,-0.40,-9.45,4.78,-2.61,-4.98,15.37,-20.56,-22.38,3.75,3.35,-5.82,23.10,5.96,-0.83,7.73
1993,56.31,44.12,10.88,1.62,-5.87,5.42,-2.98,1.29,19.88,-20.56,-22.38,3.75,3.84,-0.04,26.78,6.83,-1.33,6.90
2011,48.44,45.38,15.94,1.96,-1.51,6.25,-5.08,6.77,19.75,-20.56,-22.38,3.75,1.90,4.88,26.37,6.98,-1.89,6.62
2034,41.50,41.12,20.44,0.83,1.97,6.14,-9.10,8.50,13.45,-20.50,-22.25,3.56,-2.64,5.92,20.36,6.45,-2.58,6.91
2055,36.12,35.25,23.62,-0.04,3.90,5.19,-10.89,8.28,9.84,-20.50,-22.25,3.56,-5.51,4.91,15.45,5.17,-3.40,7.60
2075,32.88,28.12,23.88,0.88,5.61,3.52,-7.72,6.70,2.23,-20.38,-22.25,3.06,-3.69,3.19,10.44,4.03,-3.51,8.21
2095,30.62,20.06,21.94,2.05,7.07,2.78,-4.57,5.19,-2.33,-20.38,-22.25,3.06,-1.95,1.87,6.51,2.62,-3.31,8.84
2113,28.75,10.56,19.00,2.72,8.42,2.83,-2.69,5.43,-6.62,-20.38,-22.25,3.06,-0.89,2.28,2.48,0.91,-2.93,9.31
2136,26.56,-0.06,15.94,2.76,9.21,3.40,-1.92,6.65,-11.28,-20.25,-22.25,3.25,-2.78,4.54,-4.37,-0.93,-2.41,9.45
2156,24.19,-10.38,12.31,3.37,8.41,3.30,-3.19,7.13,-21.55,-20.25,-22.25,3.25,-5.67,5.49,-12.21,-2.48,-1.63,9.34
2177,22.38,-18.12,7.00,5.21,4.73,2.11,-1.57,7.34,-21.26,-20.25,-22.25,3.56,-5.07,6.73,-12.12,-3.49,-0.61,9.14
2196,21.44,-23.00,0.44,5.39,3.85,1.76,1.43,6.16,-17.65,-20.25,-22.25,3.56,-2.69,6.57,-8.76,-4.12,0.41,8.88
2217,20.75,-26.56,-5.50,4.34,3.23,1.61,2.53,5.48,-18.17,-20.25,-22.25,3.56,-1.50,6.07,-12.80,-4.64,1.25,8.54
2236,19.50,-29.69,-11.12,3.78,3.03,1.94,2.33,3.88,-22.69,-20.25,-22.19,3.38,-2.69,5.93,-14.52,-5.02,2.04,8.16
2257,18.06,-31.50,-16.88,3.05,1.20,2.32,4.21,3.67,-21.56,-20.25,-22.19,3.38,-0.95,6.45,-13.70,-5.16,2.78,7.85
2275,16.12,-31.44,-21.56,2.29,0.36,2.46,4.02,3.76,-21.27,-20.19,-22.06,2.50,-2.14,6.93,-13.93,-5.00,3.33,7.74
2299,14.44,-29.50,-24.75,1.96,-1.39,2.10,1.68,3.42,-22.63,-20.19,-22.06,2.50,-3.39,8.65,-13.63,-4.61,3.85,7.74
2316,14.25,-26.44,-28.12,3.15,-2.66,1.22,1.76,6.48,-18.16,-20.19,-22.06,1.50,-2.32,10.86,-10.40,-4.09,4.38,7.75
2339,14.94,-22.62,-30.12,1.81,-3.80,0.66,1.59,4.64,-19.12,-20.19,-22.06,1.50,-1.83,9.27,-11.18,-3.42,4.62,7.93
2359,16.81,-15.12,-29.44,0.03,-5.77,0.21,0.80,3.40,-19.49,-20.19,-22.06,1.50,-1.75,8.06,-11.25,-2.56,4.66,8.23
2381,17.56,-11.88,-29.12,-0.11,-7.16,0.33,-1.70,6.86,-16.11,-20.06,-22.06,0.50,-3.12,11.53,-7.60,-1.42,4.66,8.50
2400,20.75,-0.62,-27.88,-0.57,-8.20,-0.40,-4.39,8.03,-14.28,-20.06,-22.06,0.50,-4.50,12.62,-5.61,-0.11,4.58,8.66
2417,22.56,3.31,-27.50,-0.82,-8.69,-1.07,-5.41,7.22,-12.80,-20.06,-22.00,0.00,-4.15,11.67,-4.16,1.25,4.45,8.64
2437,27.69,11.31,-27.31,-0.96,-9.51,-2.71,-5.45,5.72,-7.57,-20.06,-22.00,0.00,-2.87,10.14,0.79,2.58,4.41,8.36
2461,34.25,18.94,-28.56,-0.98,-9.04,-3.57,-4.42,2.75,0.00,-20.06,-22.00,0.00,-0.69,7.23,7.88,3.73,4.47,7.88
2480,44.12,27.81,-32.00,-1.16,-7.37,-3.58,-4.84,0.53,2.94,-20.06,-22.00,-0.19,-0.26,5.13,10.29,4.58,4.59,7.35
2502,47.25,29.62,-33.44,-0.32,-5.30,-3.87,-6.78,-6.15,5.93,-20.06,-22.00,-0.19,-1.75,-1.29,12.80,5.03,4.86,6.86
2519,55.50,31.62,-40.81,2.29,-3.49,-3.93,-5.44,-10.50,13.80,-20.06,-21.88,-0.06,-0.30,-5.05,20.12,5.14,5.45,6.31
2543,58.56,30.50,-46.88,3.52,-0.98,-2.92,-5.44,-10.83,17.93,-20.06,-21.88,-0.06,-0.46,-4.65,23.70,4.97,6.17,5.76
2563,59.25,28.25,-50.56,2.71,1.40,-1.60,-4.43,-10.33,14.97,-20.06,-21.88,-0.06,0.21,-3.66,20.46,4.64,6.67,5.48
2586,58.25,25.62,-52.31,2.31,2.96,-0.77,-5.90,-9.89,12.10,-19.88,-21.88,-0.06,-1.65,-2.90,17.50,4.24,6.99,5.40
2609,56.12,22.81,-53.44,2.15,3.92,-0.32,-5.68,-7.65,11.38,-19.88,-21.88,-0.06,-2.38,0.00,16.52,3.57,7.35,5.41
2630,53.44,19.88,-53.31,0.88,4.61,0.12,-6.31,-7.36,9.84,-19.69,-21.75,-0.25,-3.51,-0.12,13.32,3.08,7.39,5.64
2652,48.38,14.88,-50.94,-0.07,5.93,0.52,-6.66,-5.80,-0.35,-19.69,-21.75,-0.25,-4.14,1.56,5.61,2.51,7.36,5.96
2669,46.44,12.81,-50.25,0.05,6.38,0.56,-6.05,-3.79,-5.85,-19.56,-21.69,-0.25,-4.22,3.55,0.37,1.82,7.34,6.23
2691,42.38,8.44,-49.12,-0.06,6.82,0.55,-8.04,-2.67,-13.05,-19.56,-21.69,-0.25,-6.97,4.63,-6.60,1.07,7.30,6.45
2712,38.62,4.12,-48.00,-0.77,5.72,0.54,-8.56,-0.03,-14.13,-19.56,-21.69,-0.25,-8.17,7.18,-7.50,0.38,7.21,6.62
2738,34.00,-0.75,-44.50,-3.36,4.30,0.73,-9.44,1.57,-15.27,-19.50,-21.56,-0.19,-9.58,8.45,-8.28,-0.13,6.87,6.98
2758,31.69,-2.62,-38.38,-6.18,2.57,0.82,-11.37,2.47,-23.00,-19.50,-21.56,-0.19,-12.90,9.83,-16.43,-0.55,5.65,7.99
2776,30.50,-3.69,-33.00,-4.10,1.18,0.18,-13.50,7.21,-23.65,-19.50,-21.56,-0.06,-14.14,12.55,-15.44,-0.70,5.11,8.33
2800,31.31,-4.44,-30.25,-2.15,-0.10,-1.29,-15.98,13.13,-18.09,-19.50,-21.56,-0.06,-16.82,17.73,-7.43,-0.79,4.73,8.55
2818,34.44,-4.69,-27.38,-2.56,-1.53,-3.06,-15.34,12.32,-13.67,-19.50,-21.56,-0.06,-15.18,15.09,-2.53,-0.79,4.20,8.82
2842,39.12,-4.56,-22.94,-4.07,-2.02,-4.13,-10.99,4.17,-9.84,-19.50,-21.56,-0.06,-11.76,7.52,-0.65,-0.77,3.34,9.18
2861,45.94,-4.75,-14.25,-4.38,-0.64,-3.87,-8.68,0.16,-14.79,-19.50,-21.56,-0.06,-9.50,2.57,-5.32,-0.81,2.41,9.46
2882,47.94,-5.31,-12.50,-2.87,0.10,-3.77,-8.01,1.44,-13.88,-19.50,-21.56,-0.06,-9.05,3.36,-4.32,-1.04,1.91,9.55
2902,52.06,-7.06,-10.25,-1.74,0.85,-4.12,-7.31,1.81,-15.53,-19.50,-21.56,-0.06,-8.66,3.34,-5.94,-1.35,1.52,9.59
2922,58.94,-8.31,-5.19,-3.27,-0.71,-4.57,-5.67,1.94,-17.34,-19.38,-21.56,-0.19,-7.09,2.82,-7.68,-1.41,0.88,9.66
2944,61.50,-7.44,-2.38,-5.15,-2.95,-4.99,-3.70,-0.74,-20.08,-19.38,-21.56,-0.19,-4.71,-0.87,-10.32,-1.00,-0.12,9.75
2962,69.38,-0.75,7.38,-5.84,-4.66,-5.14,-2.70,-1.57,-18.62,-19.38,-21.56,-0.19,-2.82,-2.83,-8.90,-0.12,-1.26,9.72
2980,72.00,2.50,10.75,-6.15,-5.15,-5.05,-1.03,-5.41,-20.33,-19.38,-21.50,-0.25,0.00,-7.72,-10.86,1.02,-2.31,9.47
3000,76.56,9.69,15.94,-4.47,-5.75,-4.33,-2.22,-5.31,-14.62,-19.38,-21.50,-0.25,0.07,-8.21,-5.54,2.29,-2.90,9.08
3020,79.75,17.50,19.19,-3.01,-6.47,-3.14,-2.75,-4.69,-12.49,-19.25,-21.38,-0.50,0.07,-5.88,-0.89,3.59,-3.24,8.52
3040,81.69,25.31,22.81,-3.33,-6.74,-2.07,-4.82,-1.20,-8.10,-19.25,-21.38,-0.50,-0.04,-4.87,-0.36,4.77,-3.67,7.73
3060,83.31,32.81,28.50,-4.74,-6.64,-1.60,-5.63,-2.86,-9.46,-19.25,-21.38,-0.50,0.18,-7.04,-2.77,5.82,-4.18,6.69
3079,85.06,39.88,35.31,-4.23,-6.42,-1.62,-6.17,-3.61,-8.47,-19.25,-21.25,-1.00,0.14,-9.15,-1.32,6.72,-4.40,5.61
3101,86.06,46.62,39.94,-1.01,-6.22,-1.97,-5.28,-8.31,-0.49,-19.25,-21.25,-1.00,2.23,-12.43,4.27,7.51,-4.11,4.77
3119,85.69,53.25,40.50,2.95,-5.76,-2.38,-5.96,-7.92,7.04,-19.25,-21.25,-1.00,1.08,-10.96,11.64,8.14,-3.49,4.19
3140,84.19,58.25,39.00,3.30,-3.72,-1.50,-0.90,-6.35,9.25,-19.25,-21.06,-1.69,8.63,-9.05,12.58,8.45,-3.02,3.94
3160,82.31,59.69,34.81,3.89,0.00,-0.64,-0.59,-5.55,8.25,-19.25,-21.06,-1.69,5.65,-8.22,11.64,8.38,-2.62,4.35
3179,80.06,56.50,26.44,4.97,4.57,0.14,-6.54,-4.64,4.82,-19.25,-21.06,-2.25,1.63,-7.05,9.67,7.83,-2.16,5.48
3201,76.81,48.62,16.31,7.01,8.12,0.76,-9.23,-2.22,-0.68,-19.25,-21.06,-2.25,-2.47,-3.57,6.29,6.75,-1.34,6.97
3219,73.25,37.88,5.44,8.97,10.25,0.44,-11.18,0.48,-1.00,-19.25,-21.06,-2.25,-5.16,-0.25,6.69,5.17,-0.01,8.32
3240,70.50,25.56,-4.88,9.15,11.38,-0.34,-11.69,1.95,-1.55,-19.25,-21.06,-2.50,-7.75,1.55,5.05,3.21,1.51,9.14
3261,69.19,12.56,-13.25,7.31,11.71,-1.32,-9.65,-1.83,-5.51,-19.25,-21.06,-2.50,-7.16,-1.26,1.95,1.05,2.80,9.33
3284,69.12,0.00,-19.81,5.72,11.06,-2.10,-4.86,-7.38,-10.29,-19.19,-21.06,-2.50,-5.86,-3.59,-1.30,-1.00,3.78,8.98
3303,69.81,-11.38,-25.88,4.90,9.22,-2.46,-0.98,-9.70,-10.83,-19.19,-21.06,-2.50,-3.78,-5.16,-2.60,-2.79,4.54,8.23
3321,70.69,-21.25,-31.81,4.51,8.69,-2.14,0.40,-10.94,-11.63,-19.19,-21.06,-2.50,-3.57,-6.97,-5.29,-4.23,5.07,7.24
3341,70.56,-29.38,-38.44,4.17,7.87,-0.89,0.84,-11.65,-12.31,-19.19,-21.06,-2.50,-4.12,-5.51,-5.87,-5.29,5.55,6.10
3364,69.31,-35.50,-46.19,3.74,7.17,0.00,1.40,-10.82,-11.28,-19.19,-21.06,-2.50,-4.68,-5.18,-6.32,-6.03,5.93,4.96
3392,65.94,-41.50,-56.50,1.14,5.66,0.44,1.58,-11.22,-12.54,-19.19,-21.06,-2.25,-4.91,-5.10,-8.49,-6.66,6.16,3.71
3415,63.19,-43.69,-60.69,-0.36,4.06,0.42,2.15,-10.33,-15.62,-19.19,-21.06,-2.25,-4.68,-4.16,-12.25,-6.83,6.17,3.36
3433,59.94,-44.12,-60.69,-4.23,-0.15,1.33,0.15,-9.75,-19.03,-19.06,-21.06,-2.00,-6.58,-3.68,-15.33,-6.74,6.07,3.70
3455,56.25,-42.12,-55.56,-4.96,-1.76,1.62,-1.89,-7.02,-19.39,-19.06,-21.06,-2.00,-8.24,-1.14,-14.78,-6.34,5.88,4.61
3475,52.88,-35.19,-43.81,-5.10,-5.75,1.43,-3.84,-3.37,-17.53,-19.00,-21.06,-1.75,-9.50,2.17,-11.75,-5.65,5.55,5.78
3494,52.62,-32.00,-39.56,-5.15,-7.78,0.55,-4.73,-2.83,-16.60,-19.00,-21.06,-1.75,-9.39,2.15,-9.56,-4.66,4.99,7.03
3516,53.44,-24.38,-31.25,-4.68,-9.22,-0.40,-4.00,-4.05,-12.95,-19.00,-21.06,-1.75,-7.36,0.21,-4.79,-3.36,4.26,8.16
3535,57.06,-10.50,-21.62,-4.03,-9.86,-0.87,-3.85,-5.43,-10.72,-19.00,-21.19,-1.75,-5.65,-1.87,-1.76,-1.79,3.55,8.96
3557,58.31,-5.50,-19.25,-3.89,-9.78,-0.51,-3.32,-6.81,-6.13,-19.00,-21.19,-1.75,-3.39,-3.94,3.24,-0.07,2.87,9.37
3577,61.06,9.69,-12.50,-4.28,-9.44,0.02,-4.23,-7.75,-4.84,-18.88,-21.19,-1.88,-2.58,-5.65,4.59,1.65,2.09,9.43
3596,62.00,19.69,-9.06,-3.00,-9.00,0.61,-4.61,-10.53,-0.46,-18.88,-21.19,-1.88,-1.30,-9.07,8.65,3.31,1.45,9.11
3617,62.00,24.50,-8.00,-1.30,-7.89,1.69,-4.92,-10.16,3.99,-18.88,-21.19,-1.88,-0.17,-9.10,12.51,4.74,1.06,8.51
3636,58.88,36.56,-4.25,-1.12,-6.19,3.44,-4.74,-7.42,6.79,-18.88,-21.19,-1.88,1.10,-6.83,14.64,5.84,0.58,7.84
3659,54.12,42.19,1.88,-1.73,-4.57,5.40,-6.63,-5.05,7.69,-18.88,-21.19,-1.88,-0.04,-5.29,14.94,6.58,-0.24,7.25
3677,47.81,45.44,11.75,-2.52,-3.51,6.72,-8.57,-0.15,8.75,-18.88,-21.19,-1.75,-1.58,-1.56,15.48,6.99,-1.40,6.72
3699,40.88,46.31,23.75,-2.86,-2.98,7.17,-10.18,2.84,8.48,-18.88,-21.19,-1.75,-3.09,0.11,14.68,7.09,-2.73,6.19
3717,34.00,45.19,35.19,-2.69,-2.64,6.68,-10.96,5.08,7.54,-18.88,-21.19,-1.75,-4.00,1.10,13.19,6.96,-3.98,5.64
3735,30.75,44.19,40.00,-1.81,-2.31,5.82,-10.32,5.91,6.89,-18.75,-21.19,-1.50,-3.63,0.91,12.04,6.68,-4.99,5.14
3759,21.44,40.12,50.44,-1.02,-1.86,5.18,-8.81,7.04,5.01,-18.75,-21.19,-1.50,-2.49,1.25,9.79,6.32,-5.78,4.77
3777,15.44,36.75,54.75,-0.44,-1.42,4.92,-8.90,11.51,4.68,-18.69,-21.06,-1.00,-3.03,5.09,9.20,5.86,-6.41,4.52
3796,12.62,35.06,56.44,-0.32,-1.38,4.42,-8.94,15.30,6.04,-18.69,-21.06,-1.00,-3.54,8.36,10.38,5.40,-6.93,4.33
3815,7.31,31.81,59.56,-1.46,-1.44,3.79,-10.69,16.67,8.01,-18.69,-21.06,-1.00,-5.73,9.24,12.05,4.96,-7.42,4.03
3833,3.19,29.19,63.38,-1.86,-1.60,3.24,-10.37,16.75,8.45,-18.56,-21.00,-0.25,-5.34,8.78,12.52,4.66,-7.84,3.58
3855,0.44,27.94,67.31,-1.80,-2.06,0.81,-9.41,13.68,10.44,-18.56,-21.00,-0.25,-4.81,5.60,13.55,4.59,-8.08,3.10
3873,359.19,28.31,70.06,-1.11,-1.96,-0.06,-8.94,12.04,11.48,-18.56,-21.00,-0.25,-3.06,3.00,15.56,4.76,-8.08,2.85
3894,359.25,29.81,70.06,0.98,-0.84,-1.22,-4.54,11.03,16.54,-18.50,-20.75,0.25,0.44,3.15,19.57,4.98,-7.87,3.03
3914,0.31,31.06,67.31,2.03,0.93,-1.41,-4.36,11.74,18.34,-18.50,-20.75,0.25,0.74,4.11,21.79,5.10,-7.62,3.45
3967,10.12,30.75,59.19,-0.29,3.98,-2.04,-3.71,7.58,11.46,-18.38,-20.56,0.88,1.31,0.34,15.77,5.02,-7.23,4.31
3985,12.56,30.56,57.50,0.63,4.87,-2.30,-3.39,5.67,7.53,-18.25,-20.38,1.25,1.52,-1.30,12.34,4.92,-6.98,4.81
4005,17.44,29.44,53.00,1.15,5.29,-2.23,-4.40,5.62,3.39,-18.25,-20.38,1.25,0.26,-1.02,8.87,4.66,-6.65,5.48
4023,21.94,27.12,48.06,1.38,5.76,-1.94,-4.81,5.46,1.87,-18.25,-20.38,1.25,-0.63,-0.64,6.37,4.25,-6.35,6.14
4046,26.06,24.06,44.25,0.70,5.70,-1.54,-5.11,4.95,-1.46,-18.25,-20.25,1.50,-1.16,-1.18,3.04,3.73,-6.17,6.64
4077,30.94,19.06,41.56,-0.62,4.57,-0.76,-4.17,4.34,-7.90,-18.25,-20.25,1.50,-1.15,-2.32,-3.05,2.95,-6.20,6.99
4107,33.31,14.38,42.06,-1.12,3.27,0.58,-4.91,4.79,-13.27,-18.25,-20.25,1.50,-3.44,-1.31,-6.02,2.20,-6.47,7.02
4144,32.44,11.25,46.62,-2.87,-0.91,0.91,-6.84,7.00,-13.00,-18.25,-20.25,1.50,-4.29,0.01,-6.59,2.00,-7.21,6.32
4168,30.00,13.62,53.44,-3.52,-3.63,0.45,-6.24,7.55,-10.49,-18.25,-20.25,1.50,-3.93,-0.09,-4.82,2.31,-7.65,5.67
4198,27.81,15.94,58.00,-3.08,-4.31,0.28,-6.07,8.37,-7.97,-18.19,-20.25,1.50,-2.96,0.81,-0.97,2.89,-8.13,4.63
4226,24.00,19.94,64.88,-2.50,-5.39,-0.26,-6.00,10.02,0.80,-18.19,-20.19,1.38,-2.39,1.61,4.33,3.60,-8.40,3.52
4248,21.56,23.38,69.75,-2.40,-6.08,-1.16,-4.73,9.53,7.96,-18.19,-20.19,1.38,-0.51,1.08,10.61,4.21,-8.44,2.65
4270,20.06,27.62,75.62,-3.06,-6.15,-2.77,-3.93,7.46,13.19,-18.19,-20.19,1.38,0.94,-0.88,14.81,4.88,-8.34,1.62
4291,20.12,32.06,82.62,-3.93,-4.82,-3.31,-2.93,3.73,16.05,-18.19,-20.19,1.38,2.57,-4.36,16.55,5.50,-8.10,0.49
4318,26.31,40.12,95.38,-2.41,-2.04,-3.79,-2.49,0.46,17.89,-18.19,-20.19,1.38,3.83,-6.99,17.19,6.32,-7.45,-0.70
4336,28.62,42.19,97.19,-1.82,-1.24,-3.84,-2.19,-0.53,19.88,-18.19,-20.19,1.38,4.65,-7.47,18.84,6.85,-6.93,-1.03
4356,34.06,46.44,99.12,-1.18,0.58,-3.83,-2.41,0.06,17.77,-18.19,-20.19,1.38,4.94,-6.33,16.75,7.35,-6.39,-1.02
4374,40.81,50.75,98.06,-0.89,2.88,-3.51,-3.29,-0.50,15.35,-18.19,-20.19,1.38,4.29,-6.64,14.48,7.82,-5.87,-0.58
4398,48.00,55.06,91.81,0.25,5.13,-3.52,-6.01,-0.42,10.64,-18.19,-20.19,1.25,1.28,-5.02,9.66,8.23,-5.31,0.33
4425,57.81,59.94,71.69,1.69,6.72,-3.98,-8.73,0.68,6.16,-18.19,-20.19,1.25,-0.23,-3.96,7.70,8.55,-4.27,2.19
4448,63.50,60.81,53.12,2.68,6.83,-4.57,-9.17,-1.06,3.40,-18.06,-20.19,1.19,-0.59,-4.61,6.87,8.52,-3.30,3.54
4467,68.38,59.31,32.75,4.18,6.55,-5.44,-8.87,-3.88,7.58,-18.06,-20.19,1.19,-0.57,-5.89,12.40,8.29,-2.01,4.82
4488,73.62,55.62,13.38,4.11,6.22,-6.65,-7.00,-5.65,5.69,-18.00,-20.06,1.00,2.65,-7.86,9.38,7.81,-0.55,5.89
4507,80.25,49.25,-1.31,2.66,6.66,-7.40,-2.94,-10.99,-2.46,-18.00,-20.06,1.00,4.00,-10.20,4.41,6.94,0.78,6.87
4534,91.00,35.75,-12.44,0.17,7.39,-6.87,-1.86,-14.07,-5.00,-17.88,-20.00,1.00,3.86,-12.35,2.76,5.06,2.01,8.15
4558,96.31,26.69,-14.56,-0.43,6.85,-4.89,0.91,-15.47,-5.80,-17.88,-20.00,1.00,3.82,-15.72,-0.52,3.86,2.25,8.72
4576,97.75,20.69,-14.25,-0.23,4.48,-0.69,-0.20,-16.44,-9.07,-17.88,-20.00,1.00,-0.72,-9.80,5.09,3.23,2.29,8.96
4599,94.62,18.94,-14.06,0.80,1.41,3.33,-6.09,-10.24,-3.09,-17.69,-19.88,1.19,-3.15,-5.71,6.16,3.30,2.11,8.98
4626,86.00,23.12,-9.38,-1.89,-2.52,6.30,-7.25,-6.79,-5.01,-17.69,-19.88,1.19,-4.40,-5.54,2.88,4.22,1.00,8.79
4649,78.94,28.00,-3.62,-1.78,-3.97,7.12,-8.64,-6.02,-7.40,-17.25,-19.56,1.75,-0.29,-2.37,3.58,4.99,0.20,8.43
4668,71.12,33.00,0.12,2.15,-3.52,6.71,-7.87,0.80,-0.77,-17.25,-19.56,1.75,-2.26,0.58,7.26,5.61,-0.21,8.03
4686,63.06,36.19,2.81,2.21,-2.63,6.39,-8.87,2.27,0.39,-17.06,-19.50,2.19,-3.79,3.59,9.30,5.91,-0.59,7.80
4710,56.00,37.50,6.19,1.12,-1.42,5.71,-9.96,5.20,1.66,-17.06,-19.50,2.19,-4.81,4.74,9.25,6.01,-1.13,7.66
4737,47.06,38.12,13.50,-0.62,-1.41,5.19,-12.94,7.16,0.92,-17.00,-19.50,2.38,-7.32,6.45,9.17,6.08,-2.16,7.38
4760,41.50,38.50,19.19,-0.87,-2.01,5.03,-14.11,9.81,2.44,-17.00,-19.50,2.38,-8.83,7.27,9.42,6.13,-2.89,7.08
4778,36.25,38.81,25.44,-1.52,-2.37,4.80,-15.63,9.50,1.09,-17.00,-19.38,2.38,-9.20,5.79,7.38,6.16,-3.66,6.69
4801,31.31,38.94,31.75,-1.47,-2.63,4.28,-13.94,10.99,1.39,-17.00,-19.38,2.38,-7.75,6.68,7.66,6.18,-4.30,6.27
4819,26.62,39.38,36.75,0.12,-3.26,2.77,-13.74,10.80,4.95,-17.00,-19.38,2.38,-7.45,6.10,10.83,6.29,-4.69,5.87
4851,21.00,41.75,40.31,1.80,-3.56,1.17,-11.93,12.10,15.73,-17.00,-19.38,2.25,-5.24,7.46,21.20,6.68,-4.64,5.46
4870,18.88,44.06,39.69,1.79,-1.23,-0.89,-10.70,12.52,16.90,-17.00,-19.38,2.25,-3.77,8.16,22.31,6.92,-4.35,5.41
4888,19.31,45.38,37.56,1.00,0.04,-1.46,-10.49,11.12,15.61,-16.88,-19.19,2.38,-3.53,6.11,19.72,6.98,-4.06,5.55
4911,22.44,45.06,34.88,-0.97,2.48,-2.31,-10.31,9.43,12.30,-16.88,-19.19,2.38,-2.96,4.65,15.76,6.85,-3.89,5.82
4938,30.62,42.44,31.75,-2.77,4.14,-3.18,-11.24,4.96,5.55,-16.75,-19.06,2.38,-3.15,1.17,10.76,6.48,-3.74,6.32
4968,38.38,39.31,27.81,-1.08,3.76,-2.96,-6.96,4.85,3.11,-16.75,-19.06,2.38,-0.74,1.31,9.81,6.21,-3.54,6.70
4994,44.06,36.00,25.31,-1.74,3.17,-1.85,-6.88,3.38,1.09,-16.69,-19.00,2.38,-1.11,0.00,8.26,5.76,-3.39,7.16
5020,47.06,33.56,26.12,-2.50,3.23,-0.74,-6.76,1.74,-1.77,-16.69,-19.00,2.38,-1.54,-1.99,5.64,5.21,-3.74,7.41
5050,50.75,28.75,29.38,-3.54,3.62,-0.38,-7.68,1.57,-6.93,-16.69,-19.00,2.38,-2.95,-2.64,0.55,4.46,-4.47,7.49
5077,53.62,23.44,32.25,-1.63,3.77,0.10,-7.49,0.91,-12.95,-16.69,-19.00,2.38,-3.59,-3.89,-5.34,3.63,-4.84,7.70
5100,54.31,20.25,31.88,0.01,2.90,0.43,-7.22,2.31,-12.40,-16.69,-19.00,2.38,-3.51,-1.92,-4.26,3.20,-4.90,7.86
5123,54.12,18.19,32.38,-0.87,1.31,0.81,-5.35,3.42,-12.70,-16.69,-19.00,2.38,-2.37,-1.70,-4.89,2.98,-5.12,7.80
5143,53.38,17.56,34.38,-1.45,-1.21,1.07,-4.44,3.41,-13.17,-16.69,-18.88,2.38,-1.44,-2.00,-5.57,3.00,-5.42,7.60
5173,50.75,19.06,37.38,-0.69,-3.23,1.20,-7.31,5.38,-10.13,-16.69,-18.88,2.38,-3.94,-0.33,-2.91,3.36,-5.71,7.22
5192,46.94,22.81,40.56,-0.64,-4.47,1.06,-10.16,6.57,-7.51,-16.56,-18.88,2.38,-6.35,0.69,-0.65,3.81,-5.87,6.86
5214,45.44,24.56,41.69,0.66,-5.34,0.75,-11.03,6.81,-4.99,-16.56,-18.88,2.38,-6.65,0.89,1.47,4.38,-5.92,6.47
5232,40.94,30.75,43.38,1.36,-5.43,0.04,-11.23,6.33,1.58,-16.50,-18.75,2.25,-6.22,0.54,7.70,5.01,-5.78,6.12
5251,39.81,33.00,43.69,1.76,-4.94,-0.57,-12.03,4.80,5.86,-16.50,-18.75,2.25,-6.37,-0.74,11.64,5.65,-5.55,5.77
5278,37.19,39.12,43.94,1.61,-3.97,-0.73,-11.33,4.59,15.12,-16.50,-18.75,2.25,-5.14,-0.68,20.59,6.19,-5.28,5.47
5301,36.69,42.00,44.50,0.38,-2.42,-0.81,-11.89,3.97,19.67,-16.50,-18.75,2.25,-6.81,-1.78,26.41,6.68,-5.06,5.07
5321,37.50,43.69,45.44,-0.93,-0.90,-0.93,-14.00,1.61,20.35,-16.50,-18.75,2.25,-7.16,-3.43,25.23,6.83,-5.05,4.88
5342,39.44,44.56,46.19,-1.46,0.30,-1.15,-13.52,0.57,19.35,-16.50,-18.75,2.25,-4.60,-5.91,22.23,6.89,-5.03,4.82
5361,41.56,44.44,46.00,-1.22,1.32,-0.78,-10.25,-1.64,14.76,-16.50,-18.75,2.25,-3.45,-6.72,19.68,6.80,-5.07,4.91
5388,43.25,41.56,45.88,-1.34,2.62,0.82,-9.99,1.41,9.90,-16.38,-18.75,2.25,-3.48,-3.85,15.01,6.50,-5.27,5.10
5409,43.94,38.25,46.62,-1.92,3.12,1.30,-10.25,4.18,5.65,-16.38,-18.75,2.25,-3.69,0.45,6.59,5.83,-5.78,5.35
5427,44.81,34.69,47.88,-2.32,3.31,1.35,-9.19,6.96,-0.98,-16.38,-18.75,2.25,-3.60,0.98,4.41,5.58,-5.98,5.40
5449,45.69,31.19,49.00,-1.95,3.33,1.24,-8.86,7.96,-4.80,-16.38,-18.75,2.25,-3.78,1.62,0.68,5.07,-6.33,5.49
5479,46.56,26.25,49.38,-0.64,3.02,1.14,-8.29,7.65,-9.28,-16.38,-18.75,2.25,-3.94,0.97,-3.55,4.34,-6.67,5.72
5500,46.31,23.25,48.69,0.29,2.47,1.43,-6.23,7.03,-10.43,-16.38,-18.75,2.25,-1.81,0.17,-4.75,3.63,-6.79,6.06
5521,45.06,20.19,47.75,0.85,1.97,2.01,-4.95,6.62,-11.63,-16.38,-18.75,2.25,-1.86,-0.05,-5.42,3.12,-6.81,6.32
5539,42.75,16.94,46.44,1.53,1.46,2.66,-5.15,6.78,-11.15,-16.38,-18.75,2.25,-2.29,0.00,-4.68,2.60,-6.76,6.60
5563,39.56,13.94,44.88,1.82,0.58,3.03,-5.53,7.30,-9.59,-16.38,-18.75,2.25,-4.69,0.21,-1.79,2.17,-6.67,6.85
5590,33.25,11.25,42.94,1.92,-1.59,3.34,-7.62,5.68,-7.65,-16.38,-18.69,2.25,-5.70,-0.86,-0.61,1.84,-6.45,7.14
5613,27.69,10.44,40.75,3.22,-2.60,3.99,-8.18,4.86,-3.91,-16.38,-18.69,2.25,-6.46,-0.58,5.15,1.70,-6.07,7.50
5631,21.12,9.50,36.75,4.93,-2.52,4.78,-8.21,6.45,-0.40,-16.25,-18.69,2.19,-6.79,1.89,9.63,1.50,-5.45,8.00
5654,14.31,8.06,31.62,5.42,-1.67,5.15,-8.15,8.97,5.12,-16.25,-18.69,2.19,-6.49,4.46,14.71,1.22,-4.76,8.48
5673,7.88,6.19,27.25,3.31,-0.58,5.30,-7.12,8.52,6.57,-16.25,-18.69,2.19,-6.22,4.28,15.37,0.89,-4.24,8.79
5705,358.62,3.00,23.75,1.77,-0.25,5.44,-5.33,8.61,4.33,-16.25,-18.56,2.19,-5.01,4.75,13.34,0.31,-3.86,9.00
5723,352.31,0.62,22.81,0.55,0.22,5.84,-4.64,9.92,2.16,-16.25,-18.56,2.19,-4.77,6.16,11.21,-0.12,-3.75,9.05
5741,345.94,-2.25,22.19,0.41,0.56,5.89,-4.63,10.55,1.42,-16.19,-18.50,2.00,-5.31,7.61,9.85,-0.68,-3.64,9.07
5762,339.88,-6.00,21.44,0.34,1.66,5.62,-3.95,13.12,-0.15,-16.19,-18.50,2.00,-5.08,9.78,7.92,-1.40,-3.49,9.05
5780,334.75,-10.62,20.88,-0.20,2.75,4.84,-3.46,13.46,-1.82,-16.19,-18.50,2.00,-5.28,10.02,7.18,-2.21,-3.39,8.93
5812,329.25,-17.56,20.94,-0.88,2.98,3.24,-0.60,14.24,-4.23,-16.06,-18.19,1.75,-3.56,10.89,4.49,-2.96,-3.34,8.72
5836,325.94,-22.81,22.06,-1.06,2.28,1.80,1.84,16.93,-4.30,-15.75,-17.88,1.56,-1.96,13.54,4.07,-3.81,-3.39,8.37
5862,324.94,-25.44,23.31,-1.30,2.03,0.77,2.26,18.47,-3.98,-15.75,-17.88,1.56,-1.86,15.67,4.44,-4.36,-3.62,7.99
5886,326.00,-27.62,27.75,-2.31,1.72,-1.54,3.22,20.53,-3.00,-15.56,-17.50,1.38,-1.32,16.49,4.67,-4.54,-4.04,7.68
5917,328.56,-27.75,32.50,-3.07,1.73,-3.57,2.68,22.43,-3.07,-15.56,-17.50,1.38,-1.83,17.39,4.01,-4.52,-5.04,7.09
5937,332.50,-26.88,38.44,-3.29,2.06,-4.80,2.12,23.15,-3.28,-15.25,-17.19,1.25,-2.18,17.29,3.29,-4.30,-5.85,6.58
5959,341.56,-23.25,48.12,-3.14,2.25,-6.16,2.54,22.71,-4.29,-15.25,-17.19,1.25,-1.33,16.00,1.71,-3.87,-6.70,6.01
5979,350.00,-18.38,53.88,-2.74,1.92,-7.67,2.41,22.27,-4.28,-15.25,-17.19,1.25,-0.67,14.75,1.19,-3.09,-7.52,5.48
6002,359.88,-11.19,58.25,-2.21,1.11,-8.95,3.64,18.81,-3.58,-15.19,-17.00,1.25,1.73,10.63,1.47,-1.91,-8.18,5.05
6028,16.00,2.19,61.62,-1.32,0.08,-9.61,1.79,13.11,-1.06,-15.19,-17.00,1.25,2.17,4.48,3.58,0.38,-8.62,4.65
6049,26.25,11.50,62.31,-1.05,-0.36,-9.21,-0.74,11.67,-0.08,-15.06,-16.88,1.25,1.20,3.16,4.37,1.95,-8.51,4.46
6072,35.94,20.69,62.25,-0.97,-0.84,-8.96,-3.53,10.21,1.22,-15.06,-16.88,1.25,-0.06,2.09,5.49,3.46,-8.12,4.26
6090,45.50,30.25,61.50,-0.72,-1.46,-9.17,-4.10,8.04,3.43,-15.00,-16.75,1.25,0.83,0.59,7.47,4.94,-7.44,4.03
6119,60.19,44.94,58.25,-0.62,-1.29,-9.31,-1.13,-0.26,5.54,-15.00,-16.75,1.25,5.78,-6.16,9.19,6.92,-5.90,3.64
6137,69.88,53.38,52.19,0.23,-0.13,-8.71,-3.34,-4.28,5.61,-14.88,-16.56,1.19,4.52,-8.90,9.19,7.87,-4.62,3.58
6158,74.25,56.56,47.50,1.18,1.47,-7.01,-5.05,-8.40,4.43,-14.88,-16.56,1.19,3.32,-11.78,8.23,8.38,-3.38,3.80
6176,82.81,59.81,27.00,3.36,2.93,-5.14,-4.24,-10.67,4.77,-14.88,-16.56,1.19,4.23,-12.91,9.16,8.48,-2.23,4.38
6194,84.00,58.94,19.75,4.25,3.60,-4.12,-4.42,-11.99,4.61,-14.56,-16.25,1.00,3.81,-13.20,9.79,8.23,-1.21,5.18
6227,82.44,51.19,1.88,7.35,6.06,-1.18,-8.36,-9.97,9.37,-14.56,-16.25,1.00,-1.55,-9.01,17.21,7.21,0.31,6.63
6245,78.88,42.94,-6.50,7.46,7.93,-0.05,-8.14,-8.30,9.97,-14.19,-15.88,0.69,-2.07,-7.05,17.58,6.06,1.25,7.60
6267,75.75,33.00,-11.12,4.73,9.49,0.34,-5.44,-8.22,-0.33,-14.19,-15.88,0.69,-0.89,-6.38,8.15,4.55,1.83,8.49
6285,73.06,22.06,-12.94,2.72,10.45,0.72,-5.06,-7.71,-8.48,-13.88,-15.50,0.56,-2.28,-5.46,0.64,2.77,2.25,9.13
6308,70.00,10.81,-15.06,3.19,10.73,1.14,-4.60,-8.10,-10.01,-13.88,-15.50,0.56,-3.69,-5.27,-0.67,0.91,2.82,9.34
6334,64.69,-5.00,-21.31,4.17,10.36,1.60,-3.58,-8.60,-9.47,-13.56,-15.19,0.75,-4.17,-4.91,-0.42,-1.67,3.92,8.83
6354,60.69,-14.31,-26.56,3.46,9.88,1.94,-1.58,-9.29,-9.44,-13.56,-15.19,0.75,-3.93,-5.18,-1.45,-3.10,4.52,8.12
6378,56.00,-22.06,-31.62,2.06,9.03,2.40,-0.11,-9.22,-10.02,-13.56,-15.19,0.75,-3.84,-4.02,-2.74,-4.17,4.96,7.35
6396,50.44,-27.69,-36.19,-0.42,6.95,3.38,0.75,-8.55,-10.71,-13.50,-15.00,1.06,-4.10,-3.30,-4.00,-4.85,5.25,6.71
6425,40.62,-31.81,-40.50,-2.04,5.11,3.83,0.47,-5.45,-10.14,-13.50,-15.00,1.06,-4.46,1.13,-4.16,-5.20,5.43,6.28
6443,33.44,-31.69,-40.38,-4.02,2.86,4.31,1.06,-2.64,-14.32,-13.50,-15.00,1.19,-4.09,2.76,-7.96,-5.02,5.35,6.50
6464,26.62,-29.50,-38.38,-4.18,0.64,4.45,-0.15,-1.59,-14.64,-13.50,-15.00,1.19,-5.13,4.54,-6.72,-4.60,5.24,6.88
6482,20.62,-26.31,-36.12,-3.68,-0.47,4.42,-0.44,-0.52,-11.01,-13.50,-15.00,1.19,-4.80,4.66,-3.92,-4.35,5.18,7.09
6506,15.25,-22.75,-33.75,-3.57,-1.04,4.27,-0.14,-0.18,-8.81,-13.50,-14.88,1.06,-3.94,4.83,-1.29,-3.50,4.88,7.74
6532,7.38,-16.94,-28.25,-4.81,-1.75,4.39,-0.05,1.74,-8.19,-13.50,-14.88,1.06,-2.91,6.18,0.06,-2.85,4.44,8.26
6553,2.12,-12.31,-23.62,-4.89,-2.56,4.69,-2.92,4.60,-8.74,-13.50,-14.88,0.75,-5.02,8.44,0.02,-1.68,3.54,8.98
6577,356.62,-7.50,-19.38,-4.39,-2.63,5.21,-5.55,9.85,-7.87,-13.50,-14.88,0.75,-6.69,13.93,1.90,-0.91,2.85,9.33
6595,351.19,-3.38,-14.19,-5.30,-2.26,4.87,-5.30,11.89,-7.51,-13.38,-14.69,0.50,-4.26,13.68,2.86,-0.28,1.93,9.61
6628,345.88,1.31,-5.12,-5.77,-2.37,2.35,-3.33,12.15,-5.32,-13.38,-14.69,0.50,-1.63,11.37,3.25,0.46,0.30,9.79
6656,344.69,5.38,4.56,-5.39,-2.41,0.60,-3.58,11.41,-6.59,-13.25,-14.50,0.25,-3.59,11.56,4.04,1.13,-1.24,9.66
6680,343.44,8.56,12.81,-4.87,-1.83,0.86,-7.18,16.70,-3.89,-13.25,-14.50,0.25,-5.72,14.54,5.55,1.46,-2.16,9.45
6709,343.50,10.12,18.50,-5.11,-1.46,-0.17,-7.06,19.24,-3.08,-13.06,-14.25,0.25,-4.27,15.16,5.85,1.87,-3.53,8.95
6733,346.69,12.88,27.44,-5.59,-0.89,-2.15,-5.28,16.78,-3.29,-13.06,-14.25,0.25,-3.09,12.37,5.18,2.18,-4.40,8.48
6765,352.12,15.94,35.44,-5.21,-0.41,-2.80,-4.57,13.56,-3.29,-13.00,-14.06,0.38,-1.87,8.09,4.38,2.69,-5.47,7.67
6786,355.88,18.31,40.12,-4.63,-0.61,-2.75,-5.28,12.20,-2.92,-13.00,-14.06,0.38,-2.20,6.20,4.19,3.08,-6.00,7.11
6809,359.31,21.00,44.31,-4.12,-1.04,-2.58,-6.37,12.21,-2.17,-13.00,-13.88,0.56,-3.33,5.80,4.63,3.76,-6.54,6.25
6831,2.62,24.25,48.06,-3.56,-1.56,-2.72,-9.05,13.50,0.91,-13.00,-13.88,0.56,-4.73,6.78,6.60,4.31,-6.71,5.69
6852,6.06,28.12,51.25,-3.20,-1.85,-3.52,-9.00,13.65,2.00,-13.00,-13.75,0.75,-4.05,6.90,7.11,4.95,-6.74,5.10
6879,13.12,35.00,55.44,-2.57,-1.04,-4.49,-5.84,7.99,1.51,-13.00,-13.75,0.75,0.11,1.52,5.85,5.95,-6.47,4.33
6897,18.75,39.69,56.38,-1.91,-0.69,-4.55,-5.31,5.97,1.65,-13.00,-13.69,0.75,2.20,-3.14,6.86,6.54,-6.05,4.08
6917,23.75,43.81,55.06,-0.37,-0.23,-4.19,-4.92,2.70,4.34,-13.00,-13.69,0.75,1.39,-3.26,9.78,7.02,-5.53,4.02
6935,27.75,47.38,53.12,-0.27,-0.47,-3.48,-5.88,1.75,6.28,-13.00,-13.69,0.75,1.34,-3.55,10.26,7.22,-5.30,3.97
6967,32.19,51.50,53.62,-1.45,-1.09,-1.85,-7.77,1.56,5.97,-13.00,-13.69,0.75,-0.09,-3.35,9.59,7.67,-4.91,3.61
6985,34.12,53.50,55.31,-1.23,-1.17,-1.28,-8.66,2.35,4.35,-13.00,-13.69,0.75,-0.78,-2.44,7.66,7.97,-4.72,3.19
7009,35.44,55.31,56.06,-0.13,-1.05,-1.32,-8.93,2.30,5.20,-13.00,-13.69,0.56,-0.31,-2.33,9.98,8.15,-4.50,3.04
7029,36.38,57.12,55.56,0.44,-0.76,-1.40,-8.20,1.25,8.25,-13.00,-13.69,0.56,0.11,-3.01,11.22,8.31,-4.26,2.97
7049,37.38,58.62,54.50,0.31,-0.42,-1.26,-8.07,0.87,8.74,-12.88,-13.56,0.50,0.75,-3.57,12.18,8.42,-4.06,2.94
7081,38.94,59.75,53.50,-0.40,0.17,-0.57,-8.23,0.52,6.46,-12.88,-13.56,0.50,0.24,-3.42,9.40,8.48,-3.94,2.94
7100,39.62,59.81,53.12,-0.07,0.24,-0.06,-8.96,1.11,5.88,-12.88,-13.56,0.38,-0.48,-2.82,8.85,8.47,-3.93,2.97
7122,39.62,59.69,52.75,0.15,0.13,0.05,-9.50,1.71,6.55,-12.88,-13.56,0.38,-1.04,-2.22,9.55,8.46,-3.93,2.99
7140,39.25,59.62,52.69,0.24,-0.15,0.13,-9.43,2.34,7.84,-12.75,-13.56,0.25,-0.96,-1.59,10.84,8.46,-3.94,2.99
7159,39.00,59.62,52.88,0.04,-0.12,0.11,-9.17,2.17,6.92,-12.75,-13.56,0.25,-0.71,-1.79,9.90,8.46,-3.96,2.97
7185,38.94,59.50,53.62,-0.26,-0.04,0.20,-9.38,2.16,6.21,-12.75,-13.56,0.25,-0.93,-1.84,9.16,8.45,-4.00,2.94
7208,38.75,59.25,54.12,-0.13,-0.00,0.30,-9.87,2.95,6.27,-12.75,-13.50,0.19,-1.58,-0.98,9.33,8.41,-4.08,2.93
7228,38.50,59.00,54.56,-0.11,-0.05,0.26,-10.07,3.21,6.56,-12.75,-13.50,0.19,-1.64,-0.93,9.50,8.40,-4.13,2.90
7247,38.38,58.88,55.12,-0.21,-0.13,0.16,-9.86,2.99,6.45,-12.69,-13.50,0.19,-1.46,-1.15,9.34,8.39,-4.17,2.86
7279,38.31,58.94,56.06,-0.19,-0.20,0.10,-9.46,2.82,6.25,-12.69,-13.50,0.19,-1.06,-1.37,9.07,8.40,-4.19,2.81
7297,38.19,58.88,56.56,-0.04,-0.17,0.14,-9.65,2.87,6.47,-12.69,-13.50,0.06,-1.34,-1.19,9.48,8.39,-4.23,2.77
7321,30.38,-7.81,7.19,-0.08,-0.11,0.09,-0.02,0.13,-0.07,-12.69,-13.50,0.06,-1.14,-1.23,9.39,-1.33,-1.23,9.63
7339,30.31,-7.75,7.38,-0.19,-0.07,0.02,0.19,-0.05,-0.30,-12.69,-13.50,0.06,-1.13,-1.37,9.29,-1.31,-1.26,9.63
7362,30.31,-7.62,7.56,-0.14,-0.05,0.02,0.21,-0.14,-0.43,-12.69,-13.50,0.06,-1.09,-1.43,9.24,-1.30,-1.29,9.63
7388,30.31,-7.62,7.62,0.03,-0.01,0.01,0.24,-0.16,-0.26,-12.69,-13.50,0.06,-1.03,-1.47,9.36,-1.30,-1.29,9.63
7409,30.31,-7.62,7.56,0.07,0.03,0.02,0.26,-0.17,-0.30,-12.69,-13.50,0.06,-1.06,-1.40,9.43,-1.30,-1.27,9.63
7429,30.25,-7.62,7.44,0.14,0.06,0.02,0.22,-0.11,-0.06,-12.69,-13.50,0.06,-1.06,-1.32,9.76,-1.31,-1.25,9.63
7447,30.25,-7.75,7.38,0.05,0.07,0.01,0.11,0.00,0.11,-12.69,-13.50,0.06,-1.21,-1.24,9.74,-1.32,-1.25,9.63
7468,30.25,-7.81,7.44,-0.06,0.07,-0.01,0.16,-0.10,-0.19,-12.69,-13.50,0.06,-1.28,-1.21,9.53,-1.34,-1.25,9.63
7494,136.81,-7.94,7.38,0.05,0.10,-0.04,0.09,0.18,-0.07,-12.69,-13.50,0.06,-1.25,-1.06,9.55,-1.35,-1.25,9.63
7523,137.00,-8.06,7.25,0.12,0.16,-0.11,0.19,-0.17,0.05,-12.69,-13.50,0.06,-1.20,-1.39,9.68,-1.39,-1.22,9.62
7549,137.19,-8.31,7.06,0.13,0.15,-0.08,0.19,-0.21,-0.08,-12.69,-13.50,0.06,-1.26,-1.46,9.41,-1.42,-1.19,9.62
7574,137.31,-8.44,7.06,-0.04,0.10,-0.07,0.18,-0.30,-0.61,-12.69,-13.50,0.06,-1.25,-1.50,9.00,-1.44,-1.20,9.62
7601,137.38,-8.56,7.12,0.01,0.05,-0.04,0.12,-0.21,-0.81,-12.69,-13.50,0.06,-1.34,-1.42,8.80,-1.46,-1.20,9.62
7624,137.44,-8.56,7.12,0.08,0.03,-0.05,0.23,-0.25,-0.29,-12.69,-13.50,0.06,-1.23,-1.45,9.32,-1.46,-1.19,9.62
7644,137.50,-8.56,6.94,0.15,-0.01,-0.06,0.21,-0.33,-0.14,-12.69,-13.50,0.06,-1.24,-1.49,9.48,-1.46,-1.16,9.62
7666,137.56,-8.50,6.81,0.10,-0.12,-0.03,0.15,-0.24,-0.07,-12.69,-13.50,0.06,-1.28,-1.38,9.55,-1.44,-1.14,9.63
7686,137.62,-8.25,6.69,0.06,-0.14,-0.04,0.29,-0.27,-0.11,-12.69,-13.50,0.06,-1.11,-1.40,9.51,-1.41,-1.13,9.63
7713,137.62,-8.12,6.62,0.10,-0.08,-0.02,0.21,-0.11,0.08,-12.69,-13.50,0.06,-1.16,-1.23,9.73,-1.37,-1.11,9.64
7732,137.69,-8.00,6.50,0.09,-0.06,-0.02,0.23,-0.21,0.07,-12.69,-13.50,0.06,-1.13,-1.32,9.72,-1.36,-1.10,9.64
7750,137.69,-7.94,6.44,0.08,0.01,-0.05,0.33,-0.30,0.07,-12.69,-13.50,0.06,-0.94,-1.49,9.65,-1.36,-1.09,9.64
7773,137.81,-7.94,6.44,0.05,0.02,-0.09,0.51,-0.63,-0.11,-12.69,-13.50,0.06,-0.79,-2.14,9.66,-1.36,-1.08,9.65
7791,137.88,-7.94,6.31,0.18,-0.04,-0.04,0.69,-1.13,0.45,-12.69,-13.50,0.06,-0.50,-2.21,10.72,-1.35,-1.04,9.65
7824,137.69,-7.75,5.69,0.35,-0.14,0.22,0.75,-0.54,3.45,-12.69,-13.50,0.06,-0.86,-0.48,14.66,-1.31,-0.93,9.67
7841,137.31,-7.62,5.25,0.36,-0.12,0.43,-0.29,2.36,7.86,-12.69,-13.50,0.06,-1.60,1.49,17.54,-1.30,-0.86,9.68
7864,136.81,-7.62,5.06,0.01,-0.01,0.38,1.10,2.75,10.33,-12.69,-13.50,0.06,-0.22,1.87,20.01,-1.32,-0.87,9.67
7883,136.94,-7.94,5.25,0.10,0.92,-0.70,3.92,0.13,13.51,-12.69,-13.50,0.06,2.48,-0.76,23.17,-1.44,-0.89,9.65
7915,138.62,-10.44,5.31,0.04,2.29,-1.09,5.42,-1.98,13.94,-12.69,-13.50,0.06,4.06,-3.69,22.55,-2.06,-0.95,9.54
7933,139.75,-14.12,6.38,-1.42,4.18,-0.52,6.03,-3.49,6.09,-12.69,-13.50,0.06,3.26,-4.70,15.42,-2.76,-1.20,9.33
7951,140.19,-18.75,8.31,-1.60,4.37,-0.15,6.02,-2.97,3.67,-12.69,-13.50,0.06,2.26,-3.97,10.37,-3.54,-1.48,9.02
7972,139.75,-23.62,10.12,-1.44,4.33,0.58,4.87,-0.81,-2.60,-12.69,-13.50,0.06,0.45,-1.57,4.38,-4.30,-1.65,8.65
7989,138.88,-28.44,11.31,-1.03,4.21,1.05,4.28,0.99,-6.30,-12.69,-13.50,0.06,-0.38,-0.69,2.14,-5.03,-1.71,8.24
8022,137.50,-35.75,12.44,-0.54,4.39,0.84,2.31,3.24,-15.13,-12.69,-13.50,0.06,-3.41,1.53,-7.36,-5.73,-1.71,7.76
8040,137.56,-40.50,13.00,0.14,4.17,0.18,2.00,1.74,-18.30,-12.69,-13.50,0.06,-4.36,0.06,-11.04,-6.37,-1.67,7.26
8063,138.50,-44.00,13.50,0.58,2.97,-0.46,2.91,0.00,-18.79,-12.56,-13.50,0.06,-3.90,-1.64,-11.93,-6.94,-1.65,6.72
8083,139.50,-45.56,13.88,0.49,1.11,-0.45,4.22,-2.97,-17.94,-12.56,-13.50,0.06,-2.78,-4.60,-11.29,-7.01,-1.63,6.65
8104,139.50,-44.81,13.12,0.41,-1.58,0.41,4.16,-2.53,-17.60,-12.56,-13.50,0.00,-2.90,-3.59,-9.48,-6.81,-1.52,6.88
8136,137.94,-41.12,10.19,0.51,-3.45,1.47,1.89,2.82,-11.12,-12.56,-13.50,0.00,-4.29,1.63,-3.60,-6.18,-1.18,7.51
8154,136.38,-36.69,7.81,0.75,-4.96,0.81,1.16,4.71,-5.24,-12.38,-13.50,0.00,-4.33,3.74,2.82,-5.49,-0.96,8.06
8176,135.69,-31.12,5.94,0.95,-5.31,0.43,1.83,3.78,-0.19,-12.38,-13.50,0.00,-2.79,3.02,8.41,-4.62,-0.76,8.61
8194,135.75,-25.12,4.12,1.44,-5.31,-0.05,4.16,2.67,10.22,-12.38,-13.50,0.00,0.46,2.14,19.28,-3.70,-0.52,9.06
8223,136.00,-16.81,1.94,0.93,-4.60,-0.09,3.62,2.93,17.18,-12.38,-13.50,0.00,1.48,2.50,31.45,-2.47,-0.29,9.48
8241,136.25,-12.69,1.75,-0.04,-3.36,-0.34,4.10,2.73,23.65,-12.38,-13.50,0.00,1.94,2.43,33.21,-1.92,-0.36,9.60
8264,136.75,-10.44,2.75,-1.00,-1.57,-0.65,4.63,1.86,24.27,-12.38,-13.50,0.00,3.00,-0.58,31.86,-1.72,-0.59,9.63
8284,137.50,-10.50,4.31,-1.26,0.68,-0.80,4.08,-1.16,18.38,-12.38,-13.50,0.00,2.13,-2.01,27.95,-1.95,-0.84,9.57
8305,138.19,-13.00,5.75,-1.12,2.87,-0.50,3.97,-0.63,16.11,-12.38,-13.38,0.00,0.41,-0.18,19.85,-2.55,-1.08,9.40
8336,138.81,-20.00,8.50,-1.55,4.78,-0.33,2.40,1.77,3.48,-12.38,-13.38,0.00,-1.55,0.44,8.88,-3.79,-1.51,8.91
8363,139.81,-28.19,11.56,-0.88,5.12,-0.50,2.21,1.89,-9.01,-12.25,-13.38,0.00,-2.40,-0.08,-2.74,-5.03,-1.79,8.22
8387,141.94,-35.62,13.50,0.28,4.43,-0.90,3.91,-0.16,-16.05,-12.25,-13.38,0.00,-1.80,-2.03,-8.30,-5.71,-1.86,7.74
8417,143.44,-39.12,14.56,0.31,3.02,-0.84,4.65,-4.11,-20.09,-12.25,-13.38,0.00,-1.64,-6.06,-12.84,-6.30,-1.94,7.25
8443,144.12,-39.62,15.38,-0.28,-0.99,-0.05,4.48,-4.44,-20.18,-12.25,-13.38,0.00,0.04,-6.68,-11.94,-6.10,-2.01,7.40
8464,142.88,-36.75,14.62,-0.36,-3.39,0.91,5.83,-2.54,-17.24,-12.25,-13.38,0.00,-0.26,-3.20,-6.97,-5.57,-1.91,7.83
8487,140.75,-32.00,12.50,0.41,-5.14,1.58,4.77,0.20,-11.88,-12.25,-13.38,0.00,-0.59,0.60,0.19,-4.76,-1.65,8.40
8508,138.69,-25.81,9.62,1.28,-6.26,1.54,2.13,5.89,4.70,-12.19,-13.38,0.00,-1.59,4.61,13.68,-3.73,-1.28,8.97
8529,137.56,-18.75,6.69,1.92,-6.21,0.16,2.04,6.40,13.52,-12.19,-13.38,0.00,-0.56,5.49,22.94,-2.60,-0.90,9.41
8556,138.00,-9.94,3.88,0.64,-2.76,-1.05,5.87,1.28,23.73,-12.19,-13.38,0.00,4.44,0.67,33.41,-1.43,-0.61,9.68
8575,139.19,-7.69,3.56,0.13,-1.12,-1.15,5.47,-1.33,21.76,-12.19,-13.38,0.00,4.11,-1.99,31.45,-1.35,-0.66,9.68
8593,140.12,-8.94,4.38,-0.80,1.83,-0.72,4.52,-1.42,18.60,-12.19,-13.38,0.00,1.62,-1.95,24.91,-1.79,-0.84,9.60
8617,140.62,-12.50,5.62,-0.96,3.62,-0.25,0.89,0.05,9.22,-12.19,-13.38,0.00,-2.34,-0.33,15.77,-2.49,-1.02,9.42
8643,141.00,-19.19,7.50,-0.97,4.04,-0.18,-0.72,1.57,0.60,-12.19,-13.38,0.00,-4.14,0.06,4.52,-3.56,-1.30,9.04
8664,141.56,-23.19,8.81,-0.74,3.64,-0.54,-0.09,1.21,-6.42,-12.06,-13.38,0.06,-3.81,-0.60,0.72,-4.15,-1.46,8.76
8688,142.56,-26.69,10.06,-0.45,3.14,-0.83,0.68,0.26,-9.45,-12.06,-13.38,0.06,-3.57,-2.52,-2.78,-4.62,-1.59,8.49
8707,143.75,-29.38,11.06,0.05,1.98,-0.73,1.47,-1.81,-12.26,-12.06,-13.38,0.06,-3.48,-3.48,-3.97,-4.96,-1.67,8.29
8729,144.69,-31.12,11.50,0.29,1.04,-0.20,1.39,-2.06,-13.99,-12.06,-13.38,0.06,-3.75,-3.73,-5.81,-5.15,-1.66,8.17
8756,144.94,-32.12,10.75,0.72,0.19,0.26,1.90,-0.34,-12.56,-12.06,-13.38,0.06,-3.28,-1.81,-4.38,-5.19,-1.47,8.18
8776,144.69,-31.44,9.50,0.81,-1.03,0.40,1.92,-0.12,-10.89,-12.06,-13.38,0.06,-3.05,-1.43,-2.54,-4.98,-1.30,8.34
8794,144.38,-29.06,8.12,0.84,-2.68,0.38,1.92,-0.06,-9.50,-12.06,-13.38,0.06,-2.84,-1.27,-1.02,-4.48,-1.12,8.64
8817,143.94,-24.88,6.56,1.08,-4.25,0.38,2.41,-0.14,-3.80,-12.06,-13.38,0.06,-0.97,-1.33,7.69,-3.71,-0.87,9.03
8837,143.69,-19.50,4.12,2.17,-4.96,0.32,3.98,0.02,8.00,-12.06,-13.38,0.06,1.14,-0.36,17.38,-2.84,-0.39,9.37
8869,143.69,-12.06,-1.62,3.61,-3.94,0.46,3.51,1.66,14.06,-12.06,-13.38,0.06,1.57,2.46,25.01,-1.78,0.56,9.62
8887,143.62,-9.50,-4.56,1.32,-0.39,0.02,3.22,1.33,14.11,-12.06,-13.38,0.06,1.63,2.23,23.74,-1.58,0.89,9.63
8905,143.81,-9.75,-5.50,0.49,0.76,-0.19,2.90,0.77,12.31,-12.06,-13.38,0.06,0.75,1.34,19.92,-1.82,0.91,9.59
8928,144.00,-12.00,-5.19,-0.47,2.35,-0.31,1.45,0.24,6.82,-12.06,-13.38,0.06,-1.67,0.99,15.00,-2.29,0.80,9.49
8956,144.44,-16.75,-4.44,-0.13,2.91,-0.48,-1.56,-0.66,2.25,-12.00,-13.25,0.06,-3.92,0.23,11.15,-3.10,0.75,9.27
8979,145.06,-20.19,-5.12,1.00,3.19,-0.65,0.00,-0.33,1.61,-12.00,-13.25,0.06,-3.19,0.54,10.44,-3.70,0.91,9.03
8997,146.00,-24.44,-6.50,1.47,3.97,-0.77,0.52,-0.89,0.89,-12.00,-13.25,0.06,-3.74,-0.07,9.40,-4.44,1.11,8.66
9019,147.00,-29.69,-8.19,1.61,4.94,-0.77,1.43,-1.44,0.33,-12.00,-13.25,0.06,-3.85,-0.13,8.48,-5.29,1.30,8.14
9038,147.75,-35.75,-10.06,1.35,5.60,-0.32,1.92,-2.21,-2.01,-12.00,-13.25,0.06,-4.22,-0.73,5.47,-6.15,1.48,7.49
9070,147.88,-44.44,-13.75,1.36,5.00,0.17,2.40,-2.05,-3.80,-12.00,-13.25,0.06,-4.75,0.60,0.67,-7.15,1.78,6.46
9088,147.31,-48.75,-17.19,0.96,3.16,0.96,1.84,-0.54,-6.26,-12.00,-13.25,0.06,-5.69,1.49,-0.33,-7.54,2.03,5.92
9106,146.25,-51.25,-20.50,0.68,2.34,1.06,1.05,-0.20,-6.27,-12.00,-13.25,0.06,-6.55,2.30,-0.24,-7.70,2.25,5.63
9127,145.12,-51.75,-22.75,0.27,0.40,1.03,1.65,0.24,-5.27,-12.00,-13.25,0.06,-6.11,2.71,1.42,-7.65,2.42,5.63
9144,144.31,-50.38,-23.50,0.03,-1.37,0.88,0.61,0.20,-2.55,-12.00,-13.25,0.06,-6.93,2.70,3.17,-7.55,2.49,5.73
9176,143.44,-46.12,-22.62,-0.45,-2.79,0.77,0.98,-0.02,-0.60,-12.00,-13.25,0.06,-6.09,2.59,5.65,-7.07,2.61,6.26
9200,142.69,-41.50,-21.06,-0.74,-2.52,0.59,2.19,0.77,-0.43,-11.88,-13.25,0.06,-4.30,3.41,6.41,-6.50,2.63,6.85
9227,142.25,-39.25,-19.75,-0.85,-1.83,0.29,2.06,0.34,-1.66,-11.88,-13.25,0.06,-4.32,3.09,5.96,-6.10,2.53,7.24
9251,142.19,-37.19,-18.94,-0.04,-1.04,0.14,0.99,1.10,-0.55,-11.88,-13.25,0.06,-4.93,3.64,6.82,-5.93,2.53,7.38
9283,142.12,-36.19,-18.75,-0.00,-0.93,0.11,-0.05,1.35,-0.16,-11.88,-13.25,0.06,-5.77,3.91,7.37,-5.72,2.55,7.54
9303,142.31,-34.56,-18.31,-0.14,-1.08,-0.07,-0.13,1.25,0.41,-11.88,-13.25,0.06,-5.70,3.79,8.07,-5.57,2.54,7.65
9325,142.62,-33.38,-17.62,-0.27,-1.25,-0.25,0.05,0.73,0.54,-11.88,-13.25,0.06,-5.34,3.21,8.34,-5.40,2.48,7.80
9345,143.12,-32.19,-16.94,-0.14,-1.22,-0.31,0.48,0.47,0.96,-11.88,-13.25,0.06,-4.74,2.89,8.90,-5.22,2.42,7.93
9368,143.56,-31.12,-16.69,0.19,-0.95,-0.26,0.24,0.46,1.41,-11.88,-13.25,0.06,-4.83,2.87,9.44,-5.07,2.40,8.03
9394,144.31,-30.50,-16.88,0.38,-0.26,-0.25,-0.14,0.50,1.97,-11.88,-13.25,0.06,-5.11,2.95,10.06,-4.97,2.45,8.08
9413,144.62,-30.62,-17.06,0.29,0.16,-0.28,-0.18,0.19,0.97,-11.88,-13.25,0.06,-5.18,2.67,9.04,-5.00,2.48,8.06
9433,145.00,-31.12,-17.31,0.36,0.39,-0.30,0.11,0.59,0.81,-11.88,-13.25,0.06,-4.95,3.09,8.82,-5.07,2.50,8.01
9451,145.19,-31.38,-17.44,0.09,0.35,-0.32,0.03,0.51,-0.03,-11.88,-13.25,0.06,-5.10,3.01,7.93,-5.14,2.49,7.96
9479,145.56,-31.94,-17.19,-0.04,0.15,-0.37,0.40,0.15,-0.81,-11.88,-13.25,0.06,-4.80,2.58,7.12,-5.20,2.43,7.94
9497,145.94,-32.12,-16.81,-0.11,0.00,-0.38,0.46,0.02,-0.93,-11.88,-13.25,0.06,-4.79,2.26,6.86,-5.22,2.38,7.95
9520,146.19,-32.19,-16.56,0.04,-0.08,-0.39,0.42,-0.08,-1.16,-11.88,-13.25,0.06,-4.59,2.82,6.98,-5.22,2.35,7.95
9540,146.69,-32.12,-16.44,0.22,-0.15,-0.36,0.67,1.13,-0.58,-11.88,-13.25,0.06,-4.53,3.49,7.37,-5.21,2.35,7.96
9558,146.94,-32.00,-16.38,0.15,-0.27,-0.33,0.47,1.37,-0.52,-11.88,-13.25,0.06,-5.23,3.75,7.52,-5.17,2.33,7.99
9588,147.69,-31.31,-15.56,-0.33,-0.71,-0.53,-1.47,-1.04,2.97,-11.88,-13.25,0.06,-6.57,1.20,11.04,-5.03,2.17,8.12
9605,149.12,-30.12,-14.44,0.25,-1.82,-1.62,3.68,-2.13,4.20,-11.88,-13.25,0.06,-1.24,-0.01,12.41,-4.92,2.11,8.21
9629,150.44,-28.75,-12.88,-0.90,-1.22,-0.79,2.84,-3.94,0.16,-11.88,-13.25,0.06,-1.88,-2.03,8.54,-4.72,1.91,8.37
9647,150.19,-28.75,-11.62,-1.00,0.31,0.08,1.67,-3.67,-1.44,-11.88,-13.25,0.06,-3.04,-1.93,6.97,-4.71,1.73,8.41
9670,149.44,-29.69,-12.25,0.28,0.92,0.31,0.51,-1.23,0.16,-11.88,-13.25,0.06,-4.34,0.56,8.48,-4.92,1.87,8.26
9696,148.44,-30.81,-13.56,0.10,0.68,0.54,-2.10,2.61,-0.52,-11.88,-13.25,0.06,-7.12,4.59,7.66,-5.02,1.97,8.18
9720,148.00,-31.06,-13.50,-0.10,0.10,-0.21,-1.57,2.07,-1.25,-11.88,-13.25,0.06,-6.64,4.04,6.90,-5.06,1.92,8.17
9740,148.62,-30.94,-12.94,-0.11,-0.34,-0.69,0.69,0.11,-0.02,-11.88,-13.25,0.06,-4.33,1.95,8.19,-5.02,1.84,8.21
9758,149.06,-30.69,-12.25,-0.20,-0.39,-0.59,1.93,-1.05,0.45,-11.88,-13.25,0.06,-3.07,0.73,8.69,-4.99,1.75,8.25
9787,149.25,-30.44,-11.69,-0.21,-0.03,0.07,1.89,-1.36,0.35,-11.88,-13.25,0.06,-3.08,0.35,8.62,-4.97,1.72,8.27
9805,148.50,-30.50,-11.75,-0.15,0.13,0.38,0.24,0.50,0.22,-11.88,-13.25,0.06,-4.73,2.23,8.49,-4.98,1.72,8.26
9827,148.00,-30.50,-11.62,-0.36,0.01,0.25,-0.91,1.20,-0.62,-11.88,-13.25,0.06,-5.89,2.90,7.65,-4.98,1.70,8.27
9846,148.00,-30.25,-11.12,-0.39,-0.35,-0.12,-1.78,0.97,-0.83,-11.88,-13.25,0.06,-6.72,2.61,7.47,-4.94,1.64,8.30
9864,148.00,-29.62,-10.44,-0.30,-0.75,-0.41,-2.26,-0.03,-1.63,-11.88,-13.25,0.06,-7.11,1.51,6.74,-4.84,1.55,8.38
9892,148.75,-28.56,-10.44,2.01,-1.30,-0.35,-1.50,-1.29,-0.75,-11.88,-13.25,0.06,-6.09,0.42,7.73,-4.59,1.71,8.49
9913,149.94,-27.19,-13.19,3.41,-1.39,-0.12,-1.70,-3.31,9.72,-11.88,-13.25,0.06,-4.74,-1.35,24.70,-4.36,2.35,8.46
9932,151.88,-25.75,-18.06,4.40,-0.74,-0.79,4.17,-5.64,27.75,-11.88,-13.25,0.06,-0.05,-2.58,36.05,-4.22,3.06,8.30
9949,153.81,-25.94,-21.56,2.73,0.45,-0.99,10.82,-9.49,31.02,-11.88,-13.25,0.06,9.05,-8.48,39.07,-4.49,3.23,8.09
9979,153.06,-32.62,-20.12,-2.91,5.86,-0.40,17.75,-13.29,21.79,-11.88,-13.25,0.06,12.45,-10.45,29.54,-5.83,2.60,7.44
10003,146.69,-45.00,-21.56,-1.60,9.19,2.65,18.15,-4.02,-9.22,-11.88,-13.25,0.06,11.21,-1.47,-2.78,-6.93,2.55,6.44
10033,140.62,-51.50,-30.44,0.12,7.94,4.23,11.09,10.24,-16.88,-11.88,-13.25,0.06,0.85,18.07,-13.46,-7.86,3.42,4.75
10057,131.38,-54.88,-43.88,-1.18,4.23,3.22,2.68,20.97,-24.36,-11.88,-13.19,0.06,-5.33,24.88,-20.30,-8.02,3.90,4.06
10082,127.75,-55.44,-47.38,0.05,1.20,0.41,2.34,17.60,-25.58,-11.88,-13.19,0.06,-5.76,21.72,-21.91,-8.10,4.12,3.66
10139,133.06,-57.69,-59.12,5.14,0.39,-0.76,3.38,13.00,-16.62,-11.75,-13.19,0.06,-4.90,17.50,-13.93,-8.30,4.53,2.55
10157,138.19,-57.75,-60.25,3.81,-2.54,-1.18,3.90,10.02,-12.48,-11.56,-13.19,0.00,-4.39,14.56,-9.89,-8.29,4.54,2.59
10180,143.56,-56.50,-55.12,2.26,-5.11,-1.62,5.91,3.06,-7.49,-11.56,-13.19,0.00,-2.26,7.50,-4.40,-8.18,4.43,3.09
10198,148.94,-53.50,-48.06,2.14,-6.61,-1.44,5.76,-1.81,-2.57,-11.56,-13.19,0.00,-2.11,2.52,1.32,-7.88,4.33,3.89
10222,154.12,-48.88,-43.06,2.84,-7.00,-0.97,5.82,-7.60,13.91,-11.50,-13.19,-0.06,-1.28,-3.12,18.96,-7.10,4.48,5.05
10245,159.19,-44.06,-40.50,3.29,-6.63,-1.07,9.34,-13.91,30.47,-11.50,-13.19,-0.06,2.80,-9.25,36.09,-6.54,4.65,5.62
10263,163.62,-39.81,-38.88,1.94,-4.42,-0.68,11.92,-19.87,33.18,-11.50,-13.19,-0.06,5.86,-15.07,39.22,-6.05,4.79,6.03
10286,166.06,-36.94,-38.62,1.76,-2.86,-0.16,13.84,-20.35,33.12,-11.50,-13.19,-0.06,8.02,-15.34,39.22,-5.81,5.01,6.09
10304,165.56,-36.38,-40.62,-0.16,2.84,2.00,12.19,-14.18,32.14,-11.50,-13.06,-0.06,6.31,-8.94,37.98,-5.88,5.24,5.83
10325,158.31,-38.56,-44.12,-2.55,5.14,2.85,11.57,-3.93,12.49,-11.50,-13.06,-0.06,5.45,1.39,17.99,-6.11,5.33,5.50
10347,154.62,-39.62,-45.12,-3.67,6.22,3.51,10.88,3.19,-1.22,-11.50,-13.06,-0.06,4.49,8.57,3.90,-6.39,5.38,5.13
10365,141.94,-42.19,-50.12,-2.84,6.56,4.09,9.10,16.33,-20.10,-11.38,-13.00,0.00,2.51,21.91,-15.45,-6.58,5.57,4.65
10387,137.94,-42.62,-52.94,-0.78,5.47,3.42,2.67,23.08,-23.60,-11.38,-13.00,0.00,-3.99,29.03,-19.57,-6.67,5.94,4.03
10407,129.31,-42.38,-59.12,-1.31,2.73,2.58,0.41,26.79,-25.43,-11.25,-12.88,0.00,-6.19,33.01,-21.72,-6.61,6.21,3.71
10427,126.44,-41.19,-58.69,-1.34,-0.17,1.01,0.54,26.50,-26.64,-11.25,-12.88,0.00,-5.90,32.80,-22.81,-6.45,6.30,3.83
10445,127.94,-41.06,-56.12,-0.62,-2.00,-1.46,3.23,19.55,-19.26,-11.25,-12.88,0.00,-3.21,25.69,-15.14,-6.44,6.13,4.11
10463,129.56,-41.19,-54.19,-0.61,-2.62,-2.03,3.77,13.44,-16.22,-11.25,-12.88,0.00,-2.68,19.25,-11.69,-6.46,5.81,4.52
10484,133.69,-41.19,-50.00,0.48,-3.67,-2.86,0.24,5.84,-7.25,-11.25,-12.88,0.00,-6.20,11.34,-2.31,-6.44,5.49,4.93
10502,138.81,-40.75,-45.94,0.59,-4.04,-3.04,-0.93,3.74,-3.99,-11.19,-12.75,-0.06,-7.79,6.37,4.22,-6.34,5.15,5.41
10523,144.56,-39.50,-40.94,0.28,-5.01,-3.52,-0.25,-5.62,5.82,-11.19,-12.75,-0.06,-4.13,-5.25,16.23,-6.11,4.75,6.02
10543,150.88,-37.25,-35.62,0.49,-5.81,-3.96,11.06,-27.48,28.02,-11.19,-12.75,-0.06,5.31,-23.10,34.64,-5.75,4.37,6.62
10562,156.94,-34.62,-31.56,0.75,-4.99,-3.57,13.63,-32.09,32.10,-11.19,-12.75,-0.06,10.16,-30.99,39.22,-5.45,4.09,7.04
10584,160.00,-33.44,-29.19,-0.36,-1.49,-1.55,15.27,-32.08,24.48,-11.19,-12.75,-0.06,9.82,-28.15,31.62,-5.45,3.92,7.14
10603,158.50,-34.50,-29.06,-1.13,2.32,1.44,14.65,-27.64,19.62,-11.19,-12.75,-0.06,8.93,-18.86,21.80,-5.69,3.98,6.92
10623,153.81,-36.31,-31.12,-1.23,3.85,3.34,14.51,-17.42,10.74,-11.19,-12.75,-0.06,8.73,-1.71,8.77,-5.91,4.22,6.58
10644,147.25,-37.62,-34.44,-1.52,4.21,4.62,14.89,0.13,-1.32,-11.19,-12.75,-0.06,8.71,10.88,1.51,-6.03,4.58,6.22
10664,139.38,-38.12,-38.31,-1.87,4.43,5.29,9.92,23.41,-16.51,-11.06,-12.75,-0.06,3.86,28.40,-10.63,-6.05,4.99,5.88
10684,131.25,-37.81,-42.19,-1.64,4.00,5.23,2.19,31.91,-19.13,-11.06,-12.75,-0.06,-3.77,37.31,-13.53,-5.96,5.40,5.60
10702,125.19,-37.06,-45.06,-1.09,2.41,3.44,-0.44,33.68,-19.81,-11.06,-12.75,-0.06,-6.36,39.22,-14.29,-5.87,5.60,5.49
10723,122.75,-36.62,-45.31,-1.08,0.45,0.80,-0.80,32.50,-20.94,-11.06,-12.75,-0.06,-5.68,35.11,-15.13,-5.85,5.52,5.60
10744,123.56,-36.75,-43.62,-0.56,-0.98,-1.24,1.86,23.17,-16.97,-11.06,-12.75,-0.06,-3.62,25.04,-8.95,-5.89,5.29,5.77
10764,126.69,-37.06,-41.12,-0.07,-1.88,-2.54,1.48,12.52,-11.18,-11.06,-12.75,-0.06,-4.43,17.50,-5.15,-5.92,4.97,6.03
10784,130.94,-36.94,-37.50,-0.26,-2.94,-3.22,0.56,1.55,-4.82,-11.06,-12.75,-0.06,-5.27,6.11,1.59,-5.83,4.55,6.42
10802,135.88,-35.75,-33.00,-0.27,-4.07,-3.62,1.30,-2.30,-2.00,-11.06,-12.75,-0.06,-4.43,2.03,4.65,-5.59,4.12,6.91
10826,141.38,-33.62,-28.69,0.08,-4.61,-3.90,4.15,-15.18,10.02,-11.00,-12.69,-0.19,-0.08,-15.32,21.09,-5.25,3.71,7.40
10847,148.94,-29.56,-22.19,-1.26,-4.29,-3.50,9.26,-24.73,15.52,-11.00,-12.69,-0.19,4.41,-21.51,23.41,-4.84,3.22,7.89
10865,150.62,-28.25,-20.00,-1.76,-3.70,-2.83,11.47,-29.46,13.80,-11.00,-12.56,-0.19,7.11,-26.71,21.81,-4.47,2.74,8.28
10887,152.19,-26.38,-17.25,-1.16,-1.72,-0.90,10.75,-27.80,13.32,-11.00,-12.56,-0.19,4.21,-18.75,19.62,-4.30,2.55,8.43
10908,151.31,-26.00,-16.69,-0.76,0.28,1.12,5.35,-12.24,8.01,-11.00,-12.56,-0.19,1.02,-9.71,16.44,-4.32,2.53,8.43
10933,146.25,-26.25,-16.44,-2.05,0.88,3.11,-0.46,2.62,4.07,-11.00,-12.56,-0.19,-4.80,5.10,12.51,-4.34,2.48,8.43
10951,141.44,-25.38,-14.88,-3.41,-0.07,3.72,-4.40,10.87,2.46,-11.00,-12.56,-0.19,-8.60,13.15,11.02,-4.20,2.28,8.56
10974,136.62,-23.62,-12.00,-4.28,-0.92,3.33,-7.26,17.57,3.41,-11.00,-12.56,-0.19,-11.20,19.45,12.19,-3.93,1.87,8.78
10995,133.19,-21.75,-7.62,-4.88,-1.47,1.82,-8.64,17.58,6.01,-11.00,-12.56,-0.19,-12.20,16.99,16.23,-3.48,0.80,9.12
11013,131.75,-20.00,-2.44,-4.68,-1.45,0.09,-6.82,14.64,10.79,-11.00,-12.56,-0.19,-8.12,14.03,20.59,-3.27,0.02,9.24
11036,131.94,-19.62,1.81,-3.25,0.22,-1.11,0.96,10.99,10.63,-11.00,-12.56,-0.19,-2.49,10.40,19.79,-3.46,-0.58,9.15
11054,134.25,-22.81,5.31,-1.82,4.09,-2.83,6.25,6.59,7.30,-11.00,-12.56,-0.19,2.45,5.75,16.30,-4.31,-1.09,8.73
11077,139.00,-30.44,8.94,-0.39,8.49,-4.32,8.91,2.48,2.33,-11.00,-12.56,-0.19,3.68,-2.23,6.00,-5.69,-1.49,7.84
11097,145.81,-40.94,12.62,4.22,11.68,-4.69,8.95,-1.17,-1.33,-11.00,-12.56,-0.19,1.81,-2.82,5.18,-7.13,-1.64,6.52
11119,159.69,-58.00,17.06,7.34,11.65,-4.00,7.00,-0.69,7.72,-11.00,-12.50,-0.19,-1.31,-2.21,12.68,-8.31,-1.52,4.96
11138,164.88,-63.31,19.56,7.20,10.96,-3.03,9.78,-1.52,10.47,-11.00,-12.50,-0.19,0.67,-3.00,13.78,-9.11,-1.47,3.30
11157,174.50,-72.88,32.44,6.17,10.79,-2.65,13.49,-3.26,7.22,-11.00,-12.38,-0.19,3.95,-4.95,8.75,-9.54,-1.68,1.52
11179,184.06,-78.31,72.69,4.78,10.98,-2.78,13.55,-4.59,4.89,-11.00,-12.38,-0.19,3.99,-6.74,4.53,-9.56,-2.15,-0.36
11198,194.50,-73.62,118.12,3.70,10.96,-2.51,9.06,-2.95,1.98,-11.00,-12.38,-0.19,-0.10,-5.67,-0.21,-9.16,-2.71,-2.19
11219,212.00,-59.69,138.81,3.24,10.05,-2.04,5.28,-2.02,3.27,-10.69,-12.25,-0.19,-3.18,-5.27,-0.45,-8.46,-3.25,-3.72
11238,217.19,-55.44,141.25,1.25,7.40,-1.86,6.21,-2.32,-0.55,-10.69,-12.25,-0.19,-1.47,-5.99,-5.41,-7.68,-3.67,-4.85
11256,226.69,-48.12,143.94,0.88,6.38,-1.82,5.62,-2.14,-0.98,-10.38,-12.06,0.19,-1.89,-5.97,-6.73,-6.95,-3.99,-5.64
11279,234.19,-42.56,145.38,-0.03,4.49,-1.63,4.70,-1.53,-1.54,-10.38,-12.06,0.19,-1.45,-5.70,-9.20,-6.36,-4.15,-6.19
11299,239.25,-37.56,147.12,-0.95,1.64,-1.46,5.96,-2.73,-6.17,-10.38,-12.06,0.19,-0.01,-6.94,-12.69,-5.98,-4.21,-6.52
11318,239.50,-36.94,147.25,-0.88,-0.69,-1.05,5.46,-4.00,-6.91,-10.00,-12.06,0.56,-0.43,-8.25,-13.50,-5.89,-4.24,-6.58
11340,236.19,-37.56,147.31,-1.54,-1.97,-0.89,6.97,-4.19,-8.59,-10.00,-12.06,0.56,0.81,-8.30,-15.02,-6.15,-4.10,-6.43
11358,227.75,-40.75,147.31,-2.02,-5.17,0.23,6.57,-3.84,-9.36,-9.69,-12.06,0.75,-0.14,-7.71,-15.36,-6.72,-3.87,-6.00
11380,210.19,-50.06,146.62,-2.72,-7.24,1.27,5.49,-3.26,-8.26,-9.69,-12.06,0.75,-2.03,-6.72,-13.52,-7.52,-3.45,-5.25
11401,203.19,-54.44,146.00,-3.42,-9.63,1.92,5.09,-1.17,-7.98,-9.69,-12.06,0.75,-3.35,-4.06,-12.04,-8.44,-2.88,-4.05
11421,183.12,-70.75,134.88,-4.13,-12.08,2.07,4.70,0.96,-6.39,-9.50,-12.06,1.00,-4.55,-1.32,-8.67,-9.25,-2.28,-2.28
11443,177.12,-76.06,119.81,-5.25,-14.32,1.27,6.46,2.95,-5.22,-9.50,-12.06,1.00,-3.15,1.05,-5.17,-9.62,-1.89,0.05
11461,163.19,-69.88,36.94,-5.86,-15.94,-0.28,12.32,3.21,-5.19,-9.25,-12.06,1.06,3.11,1.18,-2.50,-9.20,-2.02,2.69
11483,158.12,-53.31,27.50,-5.18,-16.53,-2.02,13.63,2.75,-4.40,-9.25,-12.06,1.06,5.76,0.04,0.78,-7.86,-2.70,5.19
11501,155.50,-36.44,26.75,-3.91,-15.45,-2.61,16.27,-0.38,-0.65,-9.25,-12.06,1.06,10.44,-3.94,6.38,-5.82,-3.55,7.04
11520,154.56,-28.69,26.81,-1.82,-13.25,-1.79,15.62,-0.74,4.48,-9.19,-12.06,1.06,11.99,-4.84,12.61,-3.63,-4.09,8.13
11539,152.62,-15.62,26.19,0.89,-10.07,0.01,8.76,-0.15,16.58,-9.19,-12.06,1.06,6.96,-4.25,25.30,-1.80,-4.09,8.72
11560,148.75,-4.19,22.25,2.08,-5.53,1.37,3.40,3.86,25.02,-9.19,-12.06,1.00,2.67,0.15,34.06,-0.72,-3.70,9.04
11579,147.75,-3.12,21.44,1.29,-2.70,1.34,0.48,2.98,18.61,-9.19,-12.06,1.00,-0.09,-0.52,27.75,-0.57,-3.51,9.13
11598,147.50,-4.69,20.81,0.43,2.52,0.13,-3.10,1.19,12.46,-9.19,-12.06,1.00,-4.25,-2.28,21.55,-1.15,-3.47,9.09
11616,148.94,-9.12,21.31,-0.42,4.84,-0.59,-5.52,1.02,9.10,-8.88,-12.06,0.88,-13.09,-7.11,9.52,-1.95,-3.58,8.91
11640,150.75,-13.44,22.25,-0.18,4.23,-0.91,-11.81,-5.37,-2.04,-8.88,-12.06,0.88,-13.42,-10.37,5.46,-2.51,-3.61,8.76
11660,154.06,-15.38,22.75,-0.04,0.69,-1.87,-2.00,-8.93,-1.22,-8.69,-12.19,0.88,-4.61,-12.59,7.48,-2.60,-3.66,8.71
11680,155.19,-14.81,23.62,-1.90,-0.73,-2.52,5.66,-12.93,-3.81,-8.69,-12.19,0.88,3.30,-16.95,4.81,-2.35,-4.01,8.63
11702,157.50,-12.81,26.56,-2.48,-0.87,-2.51,14.56,-20.78,-11.07,-8.69,-12.19,0.88,12.51,-25.29,-2.60,-2.04,-4.51,8.46
11721,157.94,-12.06,29.00,-0.47,0.16,1.03,14.85,-17.02,-9.28,-8.56,-12.19,0.88,12.79,-21.67,-0.90,-2.05,-4.65,8.38
11744,154.19,-14.31,27.81,0.69,0.36,4.29,9.75,-1.15,-5.32,-8.56,-12.19,0.88,7.33,-5.59,3.07,-2.42,-4.43,8.40
11762,148.00,-17.38,24.81,1.33,0.20,6.20,4.25,11.84,-2.23,-8.50,-12.19,0.75,1.31,7.91,6.25,-2.93,-3.93,8.49
11782,141.00,-20.00,21.50,0.65,-0.36,6.35,-0.65,22.92,1.03,-8.50,-12.19,0.75,-4.01,19.54,9.60,-3.36,-3.37,8.56
11803,137.81,-20.75,20.12,0.36,-1.25,4.44,-4.19,26.76,5.83,-8.50,-12.19,0.75,-7.69,23.78,14.49,-3.50,-2.97,8.66
11823,132.88,-19.81,17.88,-0.07,-1.75,1.08,-3.16,24.87,6.32,-8.38,-12.19,0.75,-6.49,22.04,15.10,-3.32,-2.83,8.77
11849,132.94,-18.12,18.12,-0.28,-1.37,-0.59,-0.42,18.34,4.45,-8.38,-12.19,0.75,-3.48,15.44,13.30,-3.05,-2.90,8.85
11868,133.62,-17.00,18.31,0.12,-0.61,-0.82,-0.53,15.20,2.65,-8.38,-12.19,0.75,-4.53,10.48,10.48,-2.81,-2.93,8.92
11891,134.88,-16.38,17.81,0.95,-0.15,-1.13,-4.12,9.84,0.13,-8.38,-12.19,0.75,-7.79,5.01,9.01,-2.72,-2.79,8.99
11909,136.75,-15.69,16.56,1.67,-0.20,-1.67,-6.02,5.14,0.17,-8.38,-12.19,0.75,-8.80,-0.40,9.81,-2.57,-2.59,9.09
11932,139.62,-14.62,15.38,1.59,-0.38,-2.66,-4.51,-9.50,0.17,-8.38,-12.19,0.75,-6.88,-11.99,9.36,-2.37,-2.49,9.18
11952,146.19,-12.50,15.44,0.66,-0.18,-4.53,-0.66,-19.67,-1.57,-8.38,-12.19,0.75,-2.79,-22.21,7.65,-2.13,-2.54,9.22
11970,149.00,-11.69,15.62,0.40,-0.15,-4.79,8.95,-34.16,-2.70,-8.38,-12.06,0.75,7.09,-36.81,6.55,-1.85,-2.64,9.25
11993,153.88,-10.31,16.12,0.38,0.13,-4.00,13.90,-36.48,-3.76,-8.38,-12.06,0.75,12.16,-39.17,5.50,-1.74,-2.68,9.26
12011,155.81,-10.56,16.00,0.24,1.02,1.42,11.82,-28.76,-4.90,-8.38,-12.06,0.88,9.89,-31.37,4.34,-1.93,-2.61,9.25
12033,153.44,-12.31,15.38,-0.03,0.51,4.43,5.97,-7.98,-3.65,-8.38,-12.06,0.88,3.73,-10.43,5.56,-2.24,-2.45,9.22
12051,148.00,-14.00,14.31,-0.53,-0.28,5.98,5.35,4.85,-3.32,-8.38,-12.06,0.88,2.87,2.58,5.88,-2.48,-2.26,9.21
12070,141.12,-15.12,13.12,-0.42,-0.55,6.19,5.66,10.18,-1.89,-8.25,-12.06,0.88,3.51,17.89,11.78,-2.61,-2.01,9.23
12090,134.62,-15.56,11.44,-0.05,-1.00,5.51,4.03,26.18,5.49,-8.25,-12.06,0.88,1.40,24.42,14.78,-2.62,-1.76,9.28
12108,130.00,-15.38,10.12,0.03,-0.87,3.51,2.62,27.43,7.07,-8.25,-12.06,0.88,0.02,25.76,16.37,-2.57,-1.60,9.32
12133,128.12,-14.94,9.44,0.21,-0.67,1.11,4.44,26.06,11.64,-8.25,-12.06,0.88,1.95,24.51,21.00,-2.49,-1.54,9.35
12152,128.25,-15.00,9.81,-0.32,0.72,-0.54,2.89,21.33,4.49,-8.25,-12.06,0.88,0.35,19.71,13.82,-2.54,-1.61,9.33
12173,128.75,-15.75,10.12,-0.31,1.47,-0.85,-0.18,17.78,-1.29,-8.25,-12.06,0.88,-3.00,16.07,7.93,-2.82,-1.70,9.23
12193,130.50,-17.69,10.56,0.64,1.98,-2.00,-6.00,9.32,-5.63,-8.25,-12.06,0.88,-9.13,7.60,3.50,-3.12,-1.72,9.13
12213,135.00,-19.50,10.62,1.08,1.08,-2.83,-6.85,2.99,-6.33,-8.25,-12.00,0.88,-10.13,1.28,2.75,-3.27,-1.70,9.08
12234,136.88,-19.44,10.62,0.90,-0.20,-3.40,-7.85,-8.08,-4.55,-8.25,-12.00,0.88,-11.04,-9.82,4.55,-3.19,-1.73,9.10
12253,140.94,-18.12,11.12,0.32,-1.27,-4.05,-5.11,-16.32,-4.13,-8.25,-12.00,0.88,-7.99,-18.21,5.04,-2.87,-1.89,9.18
12271,145.44,-15.62,12.06,0.27,-1.57,-4.33,0.78,-24.65,-3.26,-8.25,-12.00,0.88,2.74,-30.23,6.38,-2.42,-2.07,9.27
12291,150.06,-13.12,13.06,0.05,-1.23,-4.14,9.16,-31.66,-3.33,-8.25,-12.00,0.88,9.77,-36.93,5.27,-2.08,-2.24,9.31
12311,152.94,-11.75,13.88,-0.20,-0.47,-2.01,14.46,-30.88,-6.09,-8.25,-12.00,0.88,12.50,-33.20,3.22,-1.96,-2.31,9.32
12331,152.06,-11.56,13.56,0.22,-0.38,1.75,7.36,-10.56,-1.52,-8.25,-12.00,0.88,5.38,-12.70,7.83,-1.98,-2.14,9.36
12351,147.38,-11.69,11.88,0.71,-1.05,4.81,3.32,1.91,2.35,-8.25,-12.00,0.88,1.36,0.08,11.78,-1.95,-1.83,9.43
12369,140.81,-11.12,10.19,0.18,-1.81,5.99,1.14,7.24,3.47,-8.25,-11.88,0.88,-0.75,5.54,12.94,-1.80,-1.59,9.50
12391,134.06,-10.00,9.00,-0.12,-2.00,5.74,-6.34,22.09,6.98,-8.25,-11.88,0.88,-7.94,20.63,16.55,-1.60,-1.45,9.56
12409,129.25,-8.81,8.44,-0.27,-1.56,3.51,-7.70,23.57,7.91,-8.25,-11.88,0.88,-9.21,22.14,17.49,-1.42,-1.42,9.59
12431,127.62,-7.75,8.56,-0.34,-1.09,0.72,-8.06,21.79,11.69,-8.19,-11.88,0.88,-7.94,18.52,23.15,-1.24,-1.46,9.61
12451,128.19,-6.81,8.69,0.08,-0.65,-0.93,-4.65,18.45,15.92,-8.19,-11.88,0.88,0.17,12.12,28.79,-1.12,-1.46,9.63
12470,130.25,-6.50,8.69,0.20,0.29,-2.08,4.93,10.83,21.03,-8.19,-11.88,0.88,3.81,9.36,30.66,-1.17,-1.51,9.61
12495,133.38,-7.44,9.69,-0.98,1.61,-2.97,14.94,-3.63,16.61,-8.19,-11.88,0.88,13.50,-5.49,26.13,-1.43,-1.86,9.52
12513,136.75,-9.69,12.81,-2.66,3.00,-2.77,15.38,-7.71,5.60,-8.19,-11.88,0.88,13.43,-10.16,14.89,-1.95,-2.44,9.29
12535,138.81,-13.88,16.50,-2.66,4.78,-1.17,11.35,-5.69,-8.34,-8.19,-11.88,0.88,8.51,-8.59,0.58,-2.83,-2.89,8.92
12554,139.56,-20.06,18.94,-0.80,6.15,0.65,7.84,-3.37,-13.53,-8.19,-11.88,0.88,3.94,-6.41,-5.06,-3.90,-3.04,8.46
12575,139.62,-29.31,20.81,-0.45,5.00,0.90,4.70,-0.16,-19.64,-8.19,-11.88,0.88,-0.10,-3.20,-11.65,-4.80,-3.04,7.98
12597,139.31,-31.69,21.31,-0.58,3.27,1.08,2.69,1.07,-23.10,-8.19,-11.88,0.88,-2.72,-1.94,-15.51,-5.42,-3.02,7.58
12614,138.12,-36.12,21.88,-0.17,1.67,1.00,0.12,2.86,-24.00,-8.19,-11.88,0.88,-5.65,-0.08,-16.65,-5.78,-2.95,7.34
12634,137.75,-36.75,21.69,0.22,0.26,0.55,0.31,2.57,-23.82,-8.19,-11.88,0.88,-5.59,-0.28,-16.54,-5.90,-2.86,7.28
12653,137.38,-36.94,20.88,0.58,-0.33,0.35,1.16,2.27,-20.85,-8.19,-11.88,0.88,-4.67,-0.43,-13.46,-5.83,-2.70,7.39
12678,137.00,-34.75,17.44,1.73,-2.21,0.62,0.97,3.54,-16.14,-8.06,-11.75,0.88,-4.61,1.12,-8.46,-5.59,-2.41,7.68
12698,136.31,-31.31,14.38,1.68,-3.80,0.69,0.41,5.12,-8.40,-8.06,-11.75,0.88,-4.69,3.04,-0.29,-5.10,-2.08,8.11
12716,135.75,-26.19,11.56,1.73,-5.18,0.31,1.56,5.10,1.12,-8.06,-11.75,0.88,-2.76,3.33,9.73,-4.33,-1.76,8.61
12738,135.69,-23.19,10.12,2.70,-5.46,-0.20,1.22,5.01,9.14,-8.06,-11.75,0.88,-2.16,3.65,18.24,-3.38,-1.36,9.10
12758,136.81,-15.19,5.00,3.07,-4.03,-0.78,3.92,3.62,16.99,-8.06,-11.75,0.88,1.35,2.79,26.42,-2.56,-0.83,9.42
12777,138.44,-13.06,4.12,1.12,-1.75,-1.42,4.74,0.20,15.82,-8.00,-11.75,0.88,2.51,-0.48,25.34,-2.22,-0.69,9.52
12799,139.81,-13.19,5.00,-0.53,0.35,-1.11,4.73,-2.86,10.95,-8.00,-11.75,0.88,2.49,-3.69,20.47,-2.23,-0.83,9.51
12817,140.25,-13.75,5.56,-0.39,0.60,-0.20,3.33,-3.07,8.28,-8.00,-11.75,0.88,1.00,-4.00,17.76,-2.33,-0.93,9.47
12836,140.19,-14.12,5.69,-0.13,0.89,0.48,1.20,-1.44,5.69,-8.00,-11.75,0.88,-1.28,-2.38,15.13,-2.48,-0.94,9.43
12856,139.19,-16.12,5.81,-0.32,1.36,0.69,0.25,-0.11,3.49,-8.00,-11.75,0.88,-2.47,-1.07,12.87,-2.72,-0.96,9.37
12874,138.88,-17.00,6.00,-0.43,1.61,0.62,-0.86,0.96,0.52,-8.00,-11.69,0.88,-3.90,-0.04,9.79,-3.03,-1.01,9.26
12894,138.44,-19.06,6.38,-0.37,1.85,0.33,-1.46,1.09,-0.61,-8.00,-11.69,0.88,-4.83,0.05,8.53,-3.36,-1.04,9.15
12912,138.44,-20.94,6.44,0.09,1.59,0.04,-2.30,2.07,-0.62,-8.00,-11.69,0.88,-5.69,1.16,8.30,-3.62,-1.02,9.05
12936,138.62,-22.19,6.56,-0.08,0.97,-0.13,-1.77,1.93,-1.08,-8.00,-11.69,0.88,-5.37,0.45,7.46,-3.75,-1.05,8.99
12956,138.88,-22.56,6.94,-0.22,-0.05,-0.19,-1.00,1.51,-0.78,-8.00,-11.69,0.88,-4.77,0.41,8.19,-3.77,-1.10,8.98
12974,138.94,-22.44,7.31,-0.53,-0.31,-0.17,-0.84,0.76,-1.80,-8.00,-11.69,0.88,-4.53,-0.44,7.19,-3.69,-1.21,9.00
12997,138.94,-21.75,7.88,-0.45,-0.65,-0.13,-0.19,0.80,-1.17,-8.00,-11.69,0.88,-3.77,-0.47,7.87,-3.57,-1.27,9.04
13017,138.94,-20.88,7.94,0.10,-0.79,-0.09,-0.35,0.86,0.17,-8.00,-11.69,0.88,-3.79,-0.37,9.27,-3.43,-1.23,9.10
13044,139.12,-19.75,7.12,0.53,-0.62,-0.04,-0.01,1.17,0.77,-8.00,-11.69,0.88,-3.32,0.03,9.93,-3.31,-1.14,9.15
13062,139.25,-19.25,6.81,0.21,-0.38,-0.11,0.18,0.94,0.57,-8.00,-11.69,0.88,-3.05,-0.15,9.76,-3.20,-1.10,9.20
13086,139.38,-18.94,6.94,-0.23,-0.15,-0.10,0.22,0.58,0.00,-8.00,-11.69,0.88,-2.95,-0.56,9.19,-3.17,-1.14,9.20
13114,139.31,-18.62,7.50,-0.51,-0.27,0.06,-0.24,1.03,-0.52,-8.00,-11.69,0.88,-3.77,-0.25,8.36,-3.10,-1.27,9.21
13137,139.00,-18.12,8.25,-0.74,-0.51,0.14,-1.03,0.90,-1.29,-8.00,-11.69,0.88,-4.44,-0.84,7.02,-3.00,-1.39,9.22
13165,138.81,-17.06,8.69,0.09,-0.73,-0.12,-0.22,0.23,-2.12,-8.00,-11.69,0.88,-3.03,-1.14,7.17,-2.80,-1.37,9.29
13188,139.25,-16.12,8.00,0.86,-0.83,-0.42,1.07,0.02,-0.57,-8.00,-11.69,0.88,-1.57,-1.20,8.79,-2.64,-1.23,9.36
13206,139.88,-15.19,7.00,0.80,-0.67,-0.45,0.46,-0.73,0.44,-8.00,-11.69,0.88,-2.04,-1.82,9.86,-2.50,-1.09,9.41
13224,140.75,-14.44,6.31,0.55,-0.53,-0.37,0.47,-0.97,0.34,-8.00,-11.69,0.88,-1.88,-2.08,9.61,-2.41,-1.02,9.44
13256,140.75,-14.12,5.88,0.23,-0.04,0.21,0.57,-0.37,-0.01,-8.00,-11.69,0.88,-1.81,-1.35,9.44,-2.40,-0.94,9.45
13274,140.56,-14.31,5.44,0.28,0.15,0.52,-0.38,0.38,0.02,-8.00,-11.69,0.88,-3.35,-0.24,9.38,-2.44,-0.87,9.45
13297,140.00,-14.62,5.00,0.31,0.28,0.49,-1.80,1.47,0.08,-8.00,-11.69,0.88,-4.52,0.92,9.63,-2.51,-0.79,9.44
13315,139.75,-15.00,4.75,0.08,0.33,0.16,-1.95,1.60,0.09,-8.00,-11.69,0.88,-4.26,0.30,9.48,-2.57,-0.79,9.43
13338,140.31,-15.31,4.81,0.01,0.30,-0.42,-0.93,0.24,0.29,-8.00,-11.69,0.88,-3.29,-0.90,9.88,-2.61,-0.81,9.41
13363,141.50,-15.75,5.19,-0.11,0.36,-0.68,-0.73,-0.19,0.94,-8.00,-11.69,0.88,-3.39,-1.04,10.34,-2.69,-0.89,9.38
13384,142.31,-16.19,5.75,-0.44,0.45,-0.51,-0.15,0.89,0.59,-8.00,-11.69,0.88,-2.88,-0.05,9.95,-2.77,-1.01,9.35
13405,142.88,-16.69,6.62,-0.66,0.57,-0.58,-1.04,0.90,0.36,-8.00,-11.69,0.88,-3.71,-0.22,9.53,-2.86,-1.16,9.30
13423,144.00,-17.19,7.62,-0.52,0.59,-1.01,-0.27,1.17,-0.24,-8.00,-11.69,0.88,-3.17,-0.06,9.03,-2.90,-1.24,9.28
13446,145.38,-17.56,8.50,-0.39,0.47,-1.35,-0.30,0.13,-0.57,-8.00,-11.69,0.88,-3.27,-1.24,8.67,-2.98,-1.44,9.23
13471,147.94,-17.69,8.81,0.63,0.20,-1.35,2.93,1.95,-0.31,-8.00,-11.69,0.88,-0.04,0.51,8.91,-2.98,-1.44,9.23
13494,149.19,-17.81,8.56,0.46,0.31,-0.86,0.37,2.59,2.40,-8.00,-11.69,0.88,-2.62,1.19,11.63,-3.00,-1.39,9.23
13514,149.69,-18.38,9.69,-1.40,0.74,-0.47,-2.04,3.02,3.54,-8.00,-11.69,0.88,-5.14,1.45,12.71,-3.09,-1.57,9.17
13537,149.44,-19.56,13.69,-4.12,1.30,-0.18,-2.30,2.87,2.33,-8.00,-11.69,0.88,-5.13,-0.33,10.19,-3.42,-2.64,8.79
13562,148.00,-22.19,23.31,-5.68,1.66,0.13,-0.81,-2.30,-4.30,-8.00,-11.69,0.88,-4.52,-5.90,4.03,-3.71,-3.60,8.33
13582,147.81,-22.94,26.50,-1.30,0.44,-0.27,0.17,0.48,-4.39,-8.00,-11.69,0.88,-3.64,-3.54,3.68,-3.82,-4.03,8.07
13606,148.06,-22.25,27.06,-0.83,-0.74,-0.57,-0.43,1.45,-0.10,-8.00,-11.69,0.88,-4.15,-2.68,7.97,-3.71,-4.13,8.07
13624,148.06,-20.56,30.25,-3.10,-1.36,-0.93,-2.49,-3.56,-3.96,-8.00,-11.69,0.88,-5.94,-8.19,3.96,-3.45,-4.63,7.92
13647,148.44,-18.69,31.62,-0.59,-1.31,-0.96,-1.33,-3.10,-0.69,-8.00,-11.69,0.88,-4.48,-7.97,7.21,-3.02,-4.90,7.93
13674,150.44,-16.62,30.62,1.58,-0.45,-1.32,1.09,0.60,-1.58,-7.88,-11.56,0.88,-1.71,-4.18,6.49,-2.81,-4.78,8.08
13698,151.81,-16.00,28.44,2.31,0.05,-0.68,1.63,1.94,-0.65,-7.88,-11.56,0.88,-1.07,-2.55,7.63,-2.73,-4.31,8.36
13716,151.94,-16.44,26.19,1.82,0.23,0.43,-0.77,1.78,0.62,-7.88,-11.56,0.88,-3.55,-2.37,9.06,-2.80,-4.06,8.47
13739,151.38,-16.69,25.38,0.15,-0.09,0.57,-0.69,0.78,-1.61,-7.88,-11.50,0.88,-3.69,-3.70,6.72,-2.82,-4.01,8.49
13764,151.06,-16.62,24.19,1.24,-0.20,0.08,-1.24,0.60,-0.51,-7.88,-11.50,0.88,-4.05,-3.24,8.05,-2.81,-3.85,8.56
13791,151.62,-16.12,22.38,1.68,-0.44,-0.49,-1.26,0.81,0.03,-7.88,-11.50,0.75,-3.91,-2.68,8.80,-2.65,-3.49,8.77
13816,153.12,-14.75,20.94,0.75,-0.44,-0.89,-0.22,0.19,-1.55,-7.88,-11.50,0.75,-2.72,-3.19,7.29,-2.50,-3.39,8.85
13843,153.88,-14.06,19.56,2.09,-0.62,-0.23,-1.56,-0.32,-1.61,-7.88,-11.50,0.75,-3.88,-3.33,7.41,-2.32,-3.01,9.03
13868,154.25,-13.00,15.69,2.49,-0.71,0.09,-1.12,0.73,-0.52,-7.88,-11.50,0.75,-3.32,-1.85,8.67,-2.14,-2.34,9.27
13899,154.06,-11.81,11.81,1.46,-0.79,0.53,-0.40,4.07,2.18,-7.88,-11.50,0.75,-2.82,0.65,9.03,-1.97,-1.90,9.41
13920,153.12,-11.44,11.19,0.21,-0.43,0.87,-0.69,1.55,-1.96,-7.88,-11.50,0.75,-2.64,-0.31,7.46,-1.93,-1.81,9.43
13941,152.44,-11.38,10.25,1.01,-0.14,0.63,-1.11,0.98,-3.35,-7.88,-11.50,0.75,-3.05,-0.58,6.12,-1.93,-1.56,9.48
13963,152.19,-11.31,8.38,1.84,-0.27,0.03,-1.33,0.33,0.63,-7.88,-11.50,0.75,-3.24,-0.89,10.17,-1.90,-1.23,9.53
13983,152.75,-10.06,6.19,0.77,-1.28,-0.53,0.45,1.55,4.02,-7.88,-11.38,0.75,-1.26,0.50,13.62,-1.71,-1.04,9.59
14009,153.38,-7.69,6.56,-0.57,-2.28,-0.69,2.47,1.97,2.95,-7.88,-11.38,0.75,1.40,0.79,12.62,-1.07,-1.18,9.67
14027,153.62,-4.81,7.19,-0.42,-2.58,-0.30,2.58,2.25,3.09,-7.88,-11.38,0.75,2.06,0.76,12.16,-0.60,-1.25,9.70
14051,153.12,-2.38,7.50,-0.32,-2.15,0.57,2.66,1.85,1.70,-7.88,-11.38,0.75,1.65,0.88,10.66,-0.25,-1.30,9.71
14069,151.75,-0.88,7.88,-0.49,-1.26,1.26,1.45,2.46,1.22,-7.75,-11.38,0.75,1.17,1.12,11.03,-0.10,-1.43,9.70
14100,149.75,-0.69,10.25,-1.92,0.15,0.95,0.91,1.99,1.23,-7.75,-11.38,0.75,0.78,0.23,10.87,-0.18,-1.94,9.61
14117,149.31,-1.44,12.50,-2.02,0.75,0.25,0.24,2.19,0.10,-7.75,-11.38,0.75,-0.45,0.24,8.93,-0.34,-2.29,9.52
14141,149.56,-2.50,14.31,-1.40,1.07,-0.21,-0.08,2.74,-0.18,-7.75,-11.38,0.75,-0.88,-0.19,9.76,-0.53,-2.52,9.46
14163,150.19,-3.56,15.50,-1.00,0.92,-0.83,-1.03,0.00,0.59,-7.75,-11.38,0.75,-1.70,-2.72,9.98,-0.67,-2.72,9.39
14181,151.38,-4.12,16.75,-0.96,0.75,-1.44,-0.15,-1.34,-0.28,-7.75,-11.25,0.75,-0.90,-4.26,9.05,-0.74,-2.91,9.33
14209,153.88,-4.62,18.12,-0.47,0.77,-1.26,-0.04,-2.18,0.04,-7.75,-11.25,0.75,-1.47,-5.03,9.94,-0.85,-3.07,9.27
14227,154.75,-5.38,18.31,-0.02,0.96,-0.44,-1.06,-1.32,1.19,-7.75,-11.25,0.75,-1.98,-4.40,10.45,-1.01,-3.08,9.25
14251,154.75,-6.62,18.56,-0.31,1.19,0.33,-1.30,1.04,0.26,-7.75,-11.25,0.75,-2.78,-1.67,8.99,-1.26,-3.14,9.20
14269,154.31,-8.25,19.12,-0.51,1.39,0.63,-1.94,1.70,-0.48,-7.75,-11.25,0.75,-4.48,-1.78,7.99,-1.56,-3.19,9.13
14292,154.06,-10.00,19.44,-0.25,1.55,0.45,-2.95,1.07,-1.58,-7.75,-11.25,0.75,-4.71,-2.62,7.02,-1.86,-3.21,9.07
14312,154.75,-12.75,18.50,1.25,1.82,-0.16,-2.69,-0.85,-2.47,-7.75,-11.25,0.75,-4.86,-3.89,6.58,-2.16,-3.03,9.06
14333,155.06,-13.69,17.69,1.65,1.82,-0.08,-2.54,-0.93,-1.68,-7.75,-11.25,0.75,-5.03,-3.66,7.39,-2.48,-2.72,9.08
14355,155.44,-15.62,15.69,1.58,1.66,0.31,-1.82,0.36,-1.43,-7.75,-11.25,0.75,-4.63,-2.05,7.64,-2.80,-2.41,9.08
14375,155.31,-18.19,13.62,1.02,1.32,0.23,-1.69,0.62,-1.68,-7.75,-11.25,0.75,-4.75,-1.57,7.36,-3.06,-2.19,9.05
14401,155.50,-19.19,12.81,0.71,0.57,-0.24,-1.82,-1.05,-1.94,-7.75,-11.25,0.75,-5.10,-3.06,7.08,-3.27,-2.00,9.02
14419,156.06,-19.62,12.19,0.76,0.37,-0.37,-1.35,-1.60,-1.91,-7.75,-11.25,0.75,-4.32,-3.88,7.26,-3.31,-1.89,9.03
14443,156.44,-19.75,11.38,0.89,0.14,-0.41,-0.39,-2.20,-1.53,-7.75,-11.25,0.75,-3.62,-3.74,7.50,-3.31,-1.76,9.05
14462,156.94,-19.69,10.50,0.72,-0.17,-0.20,-0.53,-0.55,-0.17,-7.75,-11.25,0.75,-3.82,-2.18,8.91,-3.29,-1.63,9.09
14479,156.94,-19.38,10.00,0.38,-0.38,-0.23,-0.59,-0.12,0.34,-7.75,-11.25,0.75,-3.77,-1.71,9.71,-3.19,-1.63,9.12
14511,157.31,-17.94,11.06,-0.91,-0.96,-0.42,0.20,-1.07,-0.82,-7.75,-11.25,0.75,-2.82,-2.86,8.33,-3.02,-1.79,9.15
14528,157.19,-16.88,11.75,-0.34,-0.88,-0.30,0.11,-1.38,-2.74,-7.69,-11.25,0.75,-2.73,-3.29,6.44,-2.84,-1.91,9.18
14552,157.44,-16.19,11.12,0.80,-0.47,-0.22,-0.58,-0.38,-2.92,-7.69,-11.25,0.75,-3.31,-2.00,6.19,-2.70,-1.72,9.26
14570,158.12,-15.88,9.81,1.49,-0.09,-0.54,-0.35,-0.12,-3.10,-7.69,-11.25,0.75,-2.76,-1.67,5.92,-2.68,-1.48,9.31
14600,159.44,-15.88,7.19,2.05,0.16,-0.69,0.41,-0.40,-6.33,-7.69,-11.25,0.75,-2.26,-1.58,3.02,-2.68,-1.18,9.35
14626,160.25,-14.69,3.06,2.37,-1.81,-0.13,-7.11,5.19,13.07,-7.69,-11.25,0.75,-9.61,4.68,22.54,-2.49,-0.51,9.47
14654,160.75,-11.38,2.12,0.57,-2.99,-0.62,-0.36,3.73,7.93,-7.69,-11.25,0.75,0.82,1.67,8.31,-1.71,-0.41,9.64
14679,161.81,-8.62,3.69,-0.89,-0.76,-0.77,1.61,-0.90,-5.91,-7.69,-11.25,0.75,0.13,-1.53,3.75,-1.48,-0.62,9.67
14706,162.06,-8.62,3.56,0.64,0.01,-0.17,-1.32,-2.12,2.90,-7.69,-11.25,0.75,-2.80,-2.67,12.58,-1.47,-0.54,9.67
14731,162.12,-8.50,2.69,0.53,-0.05,-0.48,0.64,-2.07,2.08,-7.69,-11.25,0.75,0.45,-2.01,9.89,-1.45,-0.42,9.68
14754,162.25,-8.44,2.38,0.16,-0.10,0.14,1.71,-1.85,-0.06,-7.69,-11.25,0.75,-0.28,-2.37,10.16,-1.43,-0.39,9.69
14774,161.38,-8.25,2.25,-0.05,-0.20,0.97,0.31,-1.69,1.32,-7.69,-11.25,0.88,-2.84,-1.04,10.36,-1.40,-0.38,9.69
14796,159.50,-8.19,2.25,-0.26,0.18,0.90,-1.89,0.66,0.51,-7.69,-11.25,0.88,-3.32,0.26,10.21,-1.42,-0.39,9.69
14821,158.38,-8.69,2.94,-0.82,0.29,0.41,-0.98,-0.23,0.18,-7.69,-11.25,0.88,-2.47,-0.73,9.86,-1.50,-0.61,9.67
14842,157.12,-8.81,4.25,-1.26,-0.01,0.68,-0.22,-1.19,-2.81,-7.69,-11.19,0.88,-1.33,-0.86,5.99,-1.48,-0.78,9.66
14862,155.62,-8.44,4.81,-0.54,-0.58,1.45,-0.30,0.64,-3.05,-7.69,-11.19,0.88,-1.59,-0.29,6.76,-1.37,-0.84,9.67
14880,153.06,-7.44,5.06,-0.50,-1.27,2.02,-0.29,-0.36,-2.69,-7.69,-11.19,0.88,-1.57,-1.23,6.99,-1.27,-0.86,9.68
14904,150.56,-5.69,4.94,-0.06,-1.90,2.15,-2.93,-1.59,-0.56,-7.69,-11.19,0.88,-3.17,-1.93,9.23,-0.79,-0.82,9.73
14929,147.12,-2.12,4.81,-0.14,-2.46,1.77,0.39,0.00,-0.90,-7.69,-11.19,0.88,0.02,-0.83,8.85,-0.37,-0.82,9.76
14950,144.88,0.62,5.00,-0.15,-2.85,2.01,0.00,-0.50,-0.49,-7.69,-11.19,0.88,0.11,-1.36,9.27,0.11,-0.85,9.76
14967,142.12,3.75,4.31,1.03,-3.04,2.43,-1.03,2.29,3.78,-7.69,-11.19,0.88,-0.37,1.54,13.53,0.65,-0.74,9.75
14986,139.12,6.62,3.50,0.72,-2.56,2.60,-0.94,4.62,5.12,-7.69,-11.19,0.88,0.19,4.02,14.84,1.13,-0.59,9.72
15005,137.81,7.44,3.56,-0.21,0.00,1.21,-5.68,1.52,2.60,-7.69,-11.19,0.88,-4.41,0.88,12.30,1.26,-0.63,9.70
15030,137.44,5.12,2.94,1.06,2.63,-0.46,-3.38,-0.03,1.93,-7.69,-11.19,0.88,-2.50,-0.54,11.68,0.87,-0.50,9.75
15054,138.31,1.31,1.38,1.28,3.63,-0.79,1.46,0.25,2.48,-7.69,-11.19,0.88,1.69,0.00,12.28,-0.12,-0.17,9.80
15072,138.94,-2.75,1.00,0.01,3.71,-0.40,1.33,0.71,1.85,-7.69,-11.19,0.88,-2.27,-0.74,9.50,-0.81,-0.24,9.77
15095,138.94,-6.50,1.88,-0.93,3.24,0.15,-2.60,-0.10,-0.58,-7.56,-11.06,0.88,-5.09,-0.36,8.61,-1.39,-0.41,9.69
15120,137.94,-11.00,3.12,-0.53,2.37,0.74,-5.80,0.30,-1.91,-7.56,-11.06,0.88,-7.68,-0.22,7.69,-1.87,-0.52,9.61
15144,137.31,-12.94,3.44,-0.51,1.45,0.50,-1.89,1.56,-0.59,-7.56,-11.06,0.88,-4.09,0.98,8.94,-2.29,-0.66,9.51
15164,137.00,-13.88,4.69,-1.35,0.65,0.07,0.58,0.84,-3.16,-7.56,-11.06,0.88,-1.81,-0.06,6.29,-2.39,-0.90,9.46
15185,137.06,-14.38,5.94,-0.75,0.43,-0.27,2.86,2.17,-2.79,-7.56,-11.06,0.88,0.43,1.18,6.65,-2.45,-0.98,9.44
15207,137.75,-14.31,5.69,0.52,-0.21,-0.67,1.17,0.03,1.31,-7.56,-11.06,0.88,-1.21,-0.90,10.77,-2.39,-0.94,9.46
15233,138.12,-14.69,5.19,0.77,0.96,0.18,1.88,0.00,-5.38,-7.50,-11.00,0.88,-0.44,1.80,5.22,-2.67,-0.67,9.40
15253,138.25,-17.31,2.56,2.70,2.67,0.30,1.64,4.24,-2.56,-7.50,-11.00,0.88,-3.13,4.12,7.44,-3.15,-0.20,9.28
15271,138.62,-19.75,0.38,1.61,1.89,-0.13,-2.28,3.64,-1.23,-7.50,-11.00,0.88,-5.60,3.58,7.98,-3.32,-0.06,9.22
15295,139.62,-20.44,0.31,0.01,0.27,-1.06,0.52,0.79,-1.60,-7.50,-11.00,0.88,-2.91,0.74,7.58,-3.42,-0.12,9.18
15315,140.81,-20.31,1.19,-0.43,-0.15,-1.04,2.23,-3.44,0.29,-7.50,-11.00,0.88,-1.15,-3.69,9.49,-3.39,-0.25,9.19
15346,140.44,-20.00,1.94,-0.66,-0.17,0.81,2.09,-1.96,1.56,-7.50,-11.00,0.88,-3.68,0.14,10.83,-3.34,-0.36,9.21
15365,138.44,-19.81,2.56,-1.24,-0.29,1.75,-0.71,1.63,1.55,-7.50,-11.00,0.88,-4.00,1.14,10.77,-3.28,-0.48,9.22
15386,136.44,-19.19,3.44,-1.37,-0.72,1.47,-0.52,2.08,-0.33,-7.50,-11.00,0.88,-3.83,2.16,7.81,-3.17,-0.61,9.25
15406,135.12,-18.69,3.75,0.28,-0.05,0.49,-0.78,3.48,-1.66,-7.50,-11.00,0.88,-3.93,2.91,7.60,-3.14,-0.57,9.27
15431,135.56,-18.81,3.06,0.33,0.14,-0.29,2.73,3.03,-4.80,-7.50,-11.00,0.88,-0.43,2.52,4.46,-3.16,-0.50,9.26
15458,136.06,-18.56,3.44,-0.26,-0.39,-0.53,0.42,2.36,-2.32,-7.50,-11.00,0.88,-2.60,1.72,6.97,-3.02,-0.63,9.30
15483,137.25,-15.19,5.69,-1.51,-2.91,-1.02,-2.42,1.33,4.19,-7.50,-11.00,0.88,-4.99,0.39,13.60,-2.57,-0.94,9.41
15510,137.75,-12.88,7.94,-1.33,0.34,-0.78,-0.32,2.36,-4.37,-7.50,-11.00,0.88,-2.54,0.90,5.06,-2.21,-1.46,9.44
15535,139.44,-12.88,10.69,-1.67,-0.21,-1.08,-2.50,-0.13,-3.20,-7.50,-11.00,0.88,-4.69,-1.91,6.19,-2.18,-1.77,9.39
15566,140.44,-11.62,13.94,-1.66,0.02,-0.34,-0.87,-1.37,-4.20,-7.50,-11.00,0.88,-2.85,-3.70,5.11,-1.99,-2.34,9.31
15586,141.12,-11.75,14.38,-0.32,0.20,-0.47,-0.26,-1.96,-0.04,-7.50,-11.00,0.88,-2.20,-4.48,8.49,-2.00,-2.44,9.28
15609,141.50,-11.81,15.00,-0.37,0.18,-0.29,0.46,0.50,-0.32,-7.50,-11.00,0.88,-1.56,-1.98,8.94,-2.02,-2.48,9.26
15629,141.50,-12.00,14.88,0.19,0.15,0.10,-0.65,2.05,0.44,-7.50,-11.00,0.88,-2.70,-0.40,9.71,-2.05,-2.46,9.26
15650,141.50,-12.00,14.94,-0.38,-0.12,0.05,-1.11,1.04,-0.11,-7.50,-11.00,0.88,-3.15,-1.46,9.14,-2.03,-2.51,9.25
15675,141.44,-11.81,15.56,-0.39,-0.13,-0.07,-1.01,1.07,-0.22,-7.50,-11.00,0.88,-2.19,-2.02,8.73,-1.99,-2.62,9.23
15698,141.75,-11.56,16.06,-0.41,-0.16,-0.25,-0.43,0.13,-0.02,-7.50,-11.00,0.75,-2.46,-2.90,9.26,-1.95,-2.69,9.22
15717,142.00,-11.38,16.38,-0.14,-0.03,-0.31,-0.59,-0.53,-0.15,-7.50,-11.00,0.75,-2.52,-3.26,9.06,-1.93,-2.72,9.21
15735,142.44,-11.31,16.56,-0.13,-0.00,-0.29,-0.57,-0.26,-0.18,-7.50,-10.88,0.75,-2.14,-2.37,8.35,-1.92,-2.75,9.21
15766,143.00,-11.25,16.50,0.29,0.08,-0.35,-0.77,1.02,-0.35,-7.50,-10.88,0.75,-2.69,-1.70,8.85,-1.92,-2.73,9.21
15784,143.69,-11.19,16.25,0.38,0.06,-0.54,-0.97,0.09,0.18,-7.50,-10.88,0.75,-2.87,-2.60,9.41,-1.89,-2.67,9.24
15808,144.25,-11.06,15.94,0.34,0.04,-0.40,-1.23,2.15,-0.40,-7.50,-10.88,0.75,-3.40,-0.68,8.73,-1.87,-2.63,9.25
